date,ticker,strategy,direction,surprise_pct,entry_price,exit_price,stock_return_pct,spy_return_pct,alpha_pct
2025-08-27,CRWD,EARNINGS_DRIFT,BUY,12.0,442.0,481.42,8.92,2.27,6.65
2025-06-03,CRWD,EARNINGS_DRIFT,BUY,10.6,460.56,514.1,11.62,5.25,6.38
2025-03-04,CRWD,EARNINGS_DRIFT,BUY,19.8,365.44,371.49,1.66,-2.89,4.54
2024-11-26,CRWD,EARNINGS_DRIFT,BUY,14.8,347.59,354.99,2.13,-0.3,2.43
2025-11-06,DDOG,EARNINGS_DRIFT,BUY,233.3,191.24,154.28,-19.33,1.89,-21.21
2025-08-07,DDOG,EARNINGS_DRIFT,BUY,12.2,130.91,136.44,4.22,1.83,2.4
2025-02-13,DDOG,EARNINGS_DRIFT,BUY,30.0,131.01,103.97,-20.64,-6.98,-13.66
2024-11-07,DDOG,EARNINGS_DRIFT,BUY,15.0,124.45,161.19,29.52,1.08,28.44
2024-08-08,DDOG,EARNINGS_DRIFT,BUY,19.4,112.28,107.7,-4.08,2.52,-6.6
2024-05-07,DDOG,EARNINGS_DRIFT,BUY,25.7,117.28,109.62,-6.53,3.38,-9.91
2025-10-30,NET,EARNINGS_DRIFT,BUY,17.4,253.3,197.2,-22.15,-0.26,-21.89
2025-07-31,NET,EARNINGS_DRIFT,BUY,16.7,200.11,208.71,4.3,3.75,0.55
2024-11-07,NET,EARNINGS_DRIFT,BUY,42.9,91.25,113.87,24.79,1.08,23.7
2024-08-01,NET,EARNINGS_DRIFT,BUY,42.9,79.46,82.14,3.37,5.78,-2.4
2024-05-02,NET,EARNINGS_DRIFT,BUY,23.1,74.4,67.43,-9.37,3.23,-12.6
2026-02-26,ZS,EARNINGS_DRIFT,BUY,12.2,146.99,156.12,6.21,-1.13,7.34
2025-11-25,ZS,EARNINGS_DRIFT,BUY,36.4,251.97,230.52,-8.51,1.86,-10.38
2025-09-02,ZS,EARNINGS_DRIFT,BUY,11.2,270.58,304.53,12.55,4.13,8.42
2025-05-29,ZS,EARNINGS_DRIFT,BUY,10.5,275.7,313.94,13.87,5.14,8.73
2025-03-05,ZS,EARNINGS_DRIFT,BUY,13.0,202.16,192.21,-4.92,-6.01,1.08
2024-12-02,ZS,EARNINGS_DRIFT,BUY,68.0,198.64,181.66,-8.55,-2.87,-5.68
2024-09-03,ZS,EARNINGS_DRIFT,BUY,27.5,157.13,169.69,7.99,3.57,4.43
2024-05-30,ZS,EARNINGS_DRIFT,BUY,35.4,169.96,198.62,16.86,3.74,13.12
2026-03-02,MDB,EARNINGS_DRIFT,BUY,700.0,252.73,271.89,7.58,-0.3,7.89
2025-12-01,MDB,EARNINGS_DRIFT,BUY,67.1,401.99,419.69,4.4,0.35,4.05
2025-08-26,MDB,EARNINGS_DRIFT,BUY,51.5,295.7,315.32,6.64,2.05,4.59
2025-06-04,MDB,EARNINGS_DRIFT,BUY,51.5,225.38,210.01,-6.82,4.97,-11.79
2025-03-05,MDB,EARNINGS_DRIFT,BUY,91.0,192.98,163.34,-15.36,-6.01,-9.35
2024-12-09,MDB,EARNINGS_DRIFT,BUY,68.1,290.9,245.22,-15.7,-3.38,-12.33
2024-08-29,MDB,EARNINGS_DRIFT,BUY,45.8,290.79,270.35,-7.03,2.1,-9.13
2024-05-30,MDB,EARNINGS_DRIFT,BUY,37.8,236.06,263.51,11.63,3.74,7.89
2026-03-03,GTLB,EARNINGS_DRIFT,BUY,77.8,25.05,23.26,-7.15,-1.0,-6.14
2025-12-02,GTLB,EARNINGS_DRIFT,BUY,25.0,37.83,36.18,-4.36,0.19,-4.55
2025-09-03,GTLB,EARNINGS_DRIFT,BUY,50.0,43.46,46.49,6.97,3.38,3.59
2025-06-10,GTLB,EARNINGS_DRIFT,BUY,13.3,43.37,42.03,-3.09,4.01,-7.1
2025-03-03,GTLB,EARNINGS_DRIFT,BUY,43.5,62.8,47.65,-24.12,-2.46,-21.66
2024-12-05,GTLB,EARNINGS_DRIFT,BUY,43.8,67.19,60.57,-9.85,-2.83,-7.02
2024-09-03,GTLB,EARNINGS_DRIFT,BUY,50.0,54.35,50.23,-7.58,3.57,-11.15
2024-06-03,GTLB,EARNINGS_DRIFT,BUY,175.0,44.75,53.17,18.82,4.7,14.11
2026-03-05,IOT,EARNINGS_DRIFT,BUY,38.5,35.36,32.88,-7.01,0.88,-7.89
2025-12-04,IOT,EARNINGS_DRIFT,BUY,25.0,45.22,34.96,-22.69,1.19,-23.88
2025-09-04,IOT,EARNINGS_DRIFT,BUY,71.4,42.09,39.1,-7.1,3.68,-10.78
2025-06-05,IOT,EARNINGS_DRIFT,BUY,83.3,45.1,38.58,-14.46,3.84,-18.3
2025-03-06,IOT,EARNINGS_DRIFT,BUY,71.4,35.36,33.46,-5.37,-12.0,6.63
2024-12-05,IOT,EARNINGS_DRIFT,BUY,75.0,52.27,42.92,-17.89,-2.83,-15.06
2024-09-05,IOT,EARNINGS_DRIFT,BUY,400.0,44.02,47.6,8.13,6.36,1.77
2024-06-06,IOT,EARNINGS_DRIFT,BUY,200.0,30.56,35.13,14.95,4.42,10.53
2025-12-09,BRZE,EARNINGS_DRIFT,SHORT,-14.3,36.19,30.07,16.91,1.24,15.67
2025-09-04,BRZE,EARNINGS_DRIFT,BUY,400.0,31.42,28.42,-9.55,3.68,-13.23
2025-06-05,BRZE,EARNINGS_DRIFT,BUY,40.0,29.73,28.83,-3.03,3.84,-6.87
2025-03-27,BRZE,EARNINGS_DRIFT,BUY,140.0,37.51,31.41,-16.26,-0.87,-15.4
2024-12-09,BRZE,EARNINGS_DRIFT,BUY,300.0,40.95,42.63,4.1,-3.38,7.48
2024-09-05,BRZE,EARNINGS_DRIFT,BUY,400.0,35.57,31.08,-12.62,6.36,-18.98
2024-06-06,BRZE,EARNINGS_DRIFT,BUY,50.0,36.65,37.92,3.47,4.42,-0.95
2025-08-06,DT,EARNINGS_DRIFT,BUY,10.5,46.87,50.0,6.68,2.37,4.31
2025-05-14,DT,EARNINGS_DRIFT,BUY,10.0,53.03,53.03,0.0,1.11,-1.11
2025-01-30,DT,EARNINGS_DRIFT,BUY,12.1,57.75,55.74,-3.48,-3.0,-0.48
2024-11-07,DT,EARNINGS_DRIFT,BUY,15.6,52.89,57.42,8.56,1.08,7.48
2024-08-07,DT,EARNINGS_DRIFT,BUY,13.8,47.3,50.18,6.09,1.83,4.26
2024-05-15,DT,EARNINGS_DRIFT,BUY,11.1,48.47,45.91,-5.28,2.67,-7.95
2026-02-11,CFLT,EARNINGS_DRIFT,BUY,20.0,30.52,30.72,0.64,-0.44,1.08
2025-07-30,CFLT,EARNINGS_DRIFT,SHORT,-20.0,17.73,20.05,-13.12,2.66,-15.78
2025-04-30,CFLT,EARNINGS_DRIFT,BUY,14.3,19.44,23.03,18.47,5.54,12.93
2025-02-11,CFLT,EARNINGS_DRIFT,BUY,50.0,37.65,25.8,-31.47,-8.61,-22.87
2024-10-30,CFLT,EARNINGS_DRIFT,BUY,100.0,26.17,30.84,17.84,5.96,11.88
2024-07-31,CFLT,EARNINGS_DRIFT,BUY,20.0,20.63,20.9,1.31,2.83,-1.52
2024-05-07,CFLT,EARNINGS_DRIFT,BUY,150.0,31.38,25.94,-17.34,3.38,-20.71
2025-11-25,PD,EARNINGS_DRIFT,BUY,41.7,11.64,13.16,13.06,1.86,11.19
2025-09-03,PD,EARNINGS_DRIFT,BUY,50.0,16.57,16.47,-0.6,3.38,-3.99
2025-05-29,PD,EARNINGS_DRIFT,BUY,26.3,14.26,15.28,7.15,5.14,2.01
2025-03-13,PD,EARNINGS_DRIFT,BUY,37.5,18.38,15.47,-15.83,-4.84,-10.99
2024-11-26,PD,EARNINGS_DRIFT,BUY,52.9,21.01,17.83,-15.14,-0.3,-14.83
2024-09-03,PD,EARNINGS_DRIFT,BUY,23.5,18.08,17.97,-0.61,3.57,-4.18
2024-05-30,PD,EARNINGS_DRIFT,BUY,30.8,18.97,22.76,19.98,3.74,16.24
2025-10-28,SOFI,EARNINGS_DRIFT,BUY,25.0,30.9,28.49,-7.8,-1.12,-6.68
2025-07-29,SOFI,EARNINGS_DRIFT,BUY,50.0,21.87,24.96,14.13,1.92,12.21
2025-04-29,SOFI,EARNINGS_DRIFT,BUY,100.0,12.51,13.17,5.28,6.4,-1.13
2025-01-27,SOFI,EARNINGS_DRIFT,BUY,25.0,16.17,14.47,-10.51,-1.65,-8.86
2024-10-29,SOFI,EARNINGS_DRIFT,BUY,25.0,11.22,16.12,43.67,3.24,40.43
2024-07-30,SOFI,EARNINGS_DRIFT,BUY,100.0,7.54,7.49,-0.66,1.36,-2.02
2025-11-05,HOOD,EARNINGS_DRIFT,BUY,13.0,127.08,131.95,3.83,2.29,1.54
2025-07-30,HOOD,EARNINGS_DRIFT,BUY,35.5,103.05,103.69,0.62,2.66,-2.04
2025-04-30,HOOD,EARNINGS_DRIFT,BUY,12.1,46.62,66.15,41.89,5.54,36.36
2025-02-12,HOOD,EARNINGS_DRIFT,BUY,124.4,63.8,39.24,-38.5,-7.7,-30.8
2024-08-07,HOOD,EARNINGS_DRIFT,BUY,40.0,17.73,18.94,6.82,1.83,4.99
2024-05-08,HOOD,EARNINGS_DRIFT,BUY,200.0,17.3,22.18,28.21,2.66,25.55
2026-02-05,AFRM,EARNINGS_DRIFT,SHORT,-14.3,57.03,50.81,10.91,-1.79,12.69
2025-11-06,AFRM,EARNINGS_DRIFT,BUY,109.1,73.62,68.11,-7.48,1.89,-9.37
2025-08-28,AFRM,EARNINGS_DRIFT,BUY,23.3,88.46,76.56,-13.45,3.17,-16.63
2025-05-08,AFRM,EARNINGS_DRIFT,SHORT,-52.5,46.41,61.34,-32.17,6.26,-38.43
2025-02-06,AFRM,EARNINGS_DRIFT,BUY,235.3,75.22,46.4,-38.31,-6.69,-31.62
2024-08-28,AFRM,EARNINGS_DRIFT,BUY,68.2,41.66,41.16,-1.2,2.66,-3.86
2024-05-08,AFRM,EARNINGS_DRIFT,SHORT,-36.7,34.81,30.05,13.67,2.66,11.01
2025-11-04,UPST,EARNINGS_DRIFT,BUY,23.8,41.75,47.13,12.89,1.01,11.88
2025-08-05,UPST,EARNINGS_DRIFT,BUY,44.0,67.14,65.87,-1.89,2.58,-4.47
2025-05-06,UPST,EARNINGS_DRIFT,BUY,84.2,46.44,51.38,10.64,5.68,4.95
2025-02-11,UPST,EARNINGS_DRIFT,BUY,750.0,88.77,46.31,-47.83,-8.61,-39.22
2024-11-07,UPST,EARNINGS_DRIFT,BUY,60.0,81.0,76.39,-5.69,1.08,-6.78
2024-08-06,UPST,EARNINGS_DRIFT,BUY,56.4,33.3,35.72,7.27,5.97,1.3
2024-05-07,UPST,EARNINGS_DRIFT,BUY,20.5,23.11,26.87,16.27,3.38,12.89
2026-02-19,LMND,EARNINGS_DRIFT,BUY,25.6,57.31,55.6,-2.98,-1.62,-1.37
2025-11-05,LMND,EARNINGS_DRIFT,BUY,27.1,75.13,78.97,5.11,2.29,2.82
2025-08-05,LMND,EARNINGS_DRIFT,BUY,25.0,51.07,50.7,-0.72,2.58,-3.31
2025-02-25,LMND,EARNINGS_DRIFT,BUY,31.1,31.48,34.28,8.89,-4.08,12.97
2024-05-01,LMND,EARNINGS_DRIFT,BUY,16.2,17.74,16.51,-6.93,4.42,-11.36
2025-10-22,LC,EARNINGS_DRIFT,BUY,19.4,18.25,15.71,-13.92,-2.86,-11.06
2025-07-29,LC,EARNINGS_DRIFT,BUY,120.0,15.89,16.81,5.79,1.92,3.87
2025-01-28,LC,EARNINGS_DRIFT,SHORT,-11.1,14.42,12.53,13.11,-2.78,15.89
2024-10-23,LC,EARNINGS_DRIFT,BUY,62.5,13.82,15.9,15.05,2.49,12.56
2024-07-30,LC,EARNINGS_DRIFT,BUY,225.0,12.51,11.76,-6.0,1.36,-7.36
2024-04-30,LC,EARNINGS_DRIFT,BUY,266.7,9.0,8.85,-1.67,4.45,-6.12
2024-08-13,NU,EARNINGS_DRIFT,BUY,20.0,13.38,14.51,8.45,2.82,5.62
2024-05-14,NU,EARNINGS_DRIFT,BUY,12.5,12.09,11.62,-3.89,2.39,-6.28
2026-02-26,TGTX,EARNINGS_DRIFT,SHORT,-57.6,30.09,29.15,3.12,-1.13,4.25
2025-11-03,TGTX,EARNINGS_DRIFT,SHORT,-27.3,33.81,31.61,6.51,1.28,5.23
2025-08-04,TGTX,EARNINGS_DRIFT,SHORT,-41.4,28.4,31.71,-11.65,2.51,-14.17
2025-05-05,TGTX,EARNINGS_DRIFT,SHORT,-82.4,34.86,37.03,-6.24,6.64,-12.88
2025-03-03,TGTX,EARNINGS_DRIFT,SHORT,-25.0,35.62,37.75,-5.98,-2.46,-3.52
2024-11-04,TGTX,EARNINGS_DRIFT,SHORT,-33.3,25.86,33.88,-31.01,5.37,-36.38
2024-08-06,TGTX,EARNINGS_DRIFT,BUY,200.0,19.99,21.46,7.35,5.97,1.39
2024-05-01,TGTX,EARNINGS_DRIFT,SHORT,-75.0,16.42,16.3,0.73,4.42,-3.69
2026-02-12,KPTI,EARNINGS_DRIFT,SHORT,-11.5,8.58,8.42,1.86,-0.51,2.38
2025-05-12,KPTI,EARNINGS_DRIFT,BUY,10.4,4.92,4.39,-10.77,2.47,-13.25
2025-02-19,KPTI,EARNINGS_DRIFT,BUY,10.7,9.15,6.14,-32.9,-7.35,-25.54
2026-02-19,PTCT,EARNINGS_DRIFT,SHORT,-1100.0,70.66,68.55,2.99,-1.62,4.6
2025-11-04,PTCT,EARNINGS_DRIFT,BUY,114.6,71.77,77.85,8.47,1.01,7.47
2025-08-07,PTCT,EARNINGS_DRIFT,BUY,21.7,45.38,56.95,25.5,1.83,23.67
2025-05-06,PTCT,EARNINGS_DRIFT,BUY,1534.3,40.76,51.73,26.91,5.68,21.23
2025-02-27,PTCT,EARNINGS_DRIFT,BUY,47.7,55.26,54.24,-1.85,-6.2,4.36
2024-11-07,PTCT,EARNINGS_DRIFT,BUY,18.1,44.28,48.06,8.54,1.08,7.45
2024-08-08,PTCT,EARNINGS_DRIFT,SHORT,-33.7,31.29,31.42,-0.42,2.52,-2.93
2026-02-12,RARE,EARNINGS_DRIFT,SHORT,-10.3,20.52,22.8,-11.11,-0.51,-10.6
2025-11-04,RARE,EARNINGS_DRIFT,SHORT,-49.6,31.87,36.54,-14.65,1.01,-15.66
2025-08-05,RARE,EARNINGS_DRIFT,BUY,11.4,28.05,31.28,11.52,2.58,8.93
2024-05-02,RARE,EARNINGS_DRIFT,SHORT,-18.0,42.75,41.13,3.79,3.23,0.56
2026-02-23,BMRN,EARNINGS_DRIFT,SHORT,-157.1,62.62,61.52,1.76,-1.32,3.08
2025-10-27,BMRN,EARNINGS_DRIFT,SHORT,-64.7,53.49,56.29,-5.23,-1.75,-3.48
2025-08-04,BMRN,EARNINGS_DRIFT,BUY,39.8,61.93,58.98,-4.76,2.51,-7.27
2025-05-01,BMRN,EARNINGS_DRIFT,BUY,18.9,62.03,57.05,-8.03,4.58,-12.61
2025-02-19,BMRN,EARNINGS_DRIFT,BUY,24.3,68.73,71.6,4.18,-7.35,11.53
2024-10-29,BMRN,EARNINGS_DRIFT,BUY,15.2,66.68,65.42,-1.89,3.24,-5.13
2024-08-05,BMRN,EARNINGS_DRIFT,BUY,60.0,86.87,89.86,3.44,5.52,-2.07
2024-04-24,BMRN,EARNINGS_DRIFT,BUY,18.3,82.17,75.9,-7.63,4.46,-12.09
2026-02-12,ALNY,EARNINGS_DRIFT,SHORT,-16.7,314.4,322.8,-2.67,-0.51,-2.16
2025-10-30,ALNY,EARNINGS_DRIFT,BUY,65.7,456.04,454.56,-0.32,-0.26,-0.06
2025-07-31,ALNY,EARNINGS_DRIFT,BUY,27.1,401.8,446.51,11.13,3.75,7.37
2025-05-01,ALNY,EARNINGS_DRIFT,BUY,97.3,259.39,306.09,18.0,4.58,13.43
2025-02-13,ALNY,EARNINGS_DRIFT,BUY,142.9,256.45,253.11,-1.3,-6.98,5.68
2024-10-31,ALNY,EARNINGS_DRIFT,SHORT,-28.2,273.91,253.01,7.63,5.71,1.92
2024-08-01,ALNY,EARNINGS_DRIFT,BUY,181.2,272.05,262.69,-3.44,5.78,-9.22
2024-05-02,ALNY,EARNINGS_DRIFT,BUY,74.6,152.33,150.45,-1.23,3.23,-4.46
2026-02-25,SRPT,EARNINGS_DRIFT,SHORT,-214.4,17.45,17.56,-0.63,-1.6,0.97
2025-11-03,SRPT,EARNINGS_DRIFT,BUY,64.9,16.2,21.84,34.81,1.28,33.53
2025-08-06,SRPT,EARNINGS_DRIFT,BUY,74.1,17.96,18.71,4.18,2.37,1.81
2025-05-06,SRPT,EARNINGS_DRIFT,SHORT,-426.2,36.72,39.21,-6.78,5.68,-12.47
2024-11-06,SRPT,EARNINGS_DRIFT,BUY,67.6,120.42,128.17,6.44,2.05,4.39
2024-05-01,SRPT,EARNINGS_DRIFT,BUY,78.0,130.63,129.86,-0.59,4.42,-5.01
2026-02-11,NBIX,EARNINGS_DRIFT,SHORT,-18.3,123.1,130.21,-5.78,-0.44,-5.34
2025-05-05,NBIX,EARNINGS_DRIFT,SHORT,-35.8,118.92,124.52,-4.71,6.64,-11.35
2025-02-06,NBIX,EARNINGS_DRIFT,SHORT,-12.4,122.62,110.87,9.58,-6.69,16.27
2024-10-30,NBIX,EARNINGS_DRIFT,SHORT,-14.5,120.27,126.75,-5.39,5.96,-11.35
2026-02-13,EXAS,EARNINGS_DRIFT,SHORT,-362.5,103.31,103.5,-0.18,-0.67,0.49
2025-11-03,EXAS,EARNINGS_DRIFT,BUY,50.0,69.59,101.25,45.5,1.28,44.21
2025-08-06,EXAS,EARNINGS_DRIFT,BUY,100.0,43.16,53.81,24.68,2.37,22.3
2025-05-01,EXAS,EARNINGS_DRIFT,SHORT,-42.1,51.55,56.13,-8.88,4.58,-13.46
2025-02-19,EXAS,EARNINGS_DRIFT,BUY,68.4,49.51,44.28,-10.56,-7.35,-3.21
2024-11-05,EXAS,EARNINGS_DRIFT,SHORT,-30.0,54.72,62.61,-14.42,2.64,-17.06
2024-07-31,EXAS,EARNINGS_DRIFT,BUY,75.0,57.91,62.26,7.51,2.83,4.69
2024-05-08,EXAS,EARNINGS_DRIFT,SHORT,-31.7,54.15,42.93,20.72,2.66,18.06
2026-02-17,HALO,EARNINGS_DRIFT,SHORT,-110.9,73.23,68.03,7.11,-1.17,8.28
2025-08-05,HALO,EARNINGS_DRIFT,BUY,21.3,62.32,73.4,17.78,2.58,15.2
2025-05-06,HALO,EARNINGS_DRIFT,BUY,16.8,70.14,53.55,-23.65,5.68,-29.34
2024-10-31,HALO,EARNINGS_DRIFT,BUY,27.0,57.15,48.59,-14.98,5.71,-20.69
2024-08-06,HALO,EARNINGS_DRIFT,BUY,19.7,54.12,61.05,12.8,5.97,6.84
2024-05-07,HALO,EARNINGS_DRIFT,BUY,12.9,42.01,51.44,22.45,3.38,19.07
2026-02-24,PCVX,EARNINGS_DRIFT,SHORT,-20.0,63.04,58.63,7.0,-2.15,9.14
2025-11-04,PCVX,EARNINGS_DRIFT,SHORT,-25.8,40.32,46.07,-14.26,1.01,-15.27
2024-11-05,PCVX,EARNINGS_DRIFT,BUY,16.2,104.07,90.04,-13.48,2.64,-16.12
2024-08-06,PCVX,EARNINGS_DRIFT,SHORT,-10.0,70.52,112.1,-58.96,5.97,-64.93
2024-05-08,PCVX,EARNINGS_DRIFT,BUY,19.8,65.57,70.97,8.24,2.66,5.57
2025-11-12,LEGN,EARNINGS_DRIFT,SHORT,-22.2,31.01,22.32,28.02,1.45,26.58
2025-08-11,LEGN,EARNINGS_DRIFT,SHORT,-195.7,36.99,33.47,9.52,1.48,8.03
2025-05-13,LEGN,EARNINGS_DRIFT,SHORT,-58.8,27.8,37.91,-36.37,2.75,-39.12
2025-03-11,LEGN,EARNINGS_DRIFT,BUY,134.1,38.24,32.08,-16.11,-1.54,-14.57
2024-11-12,LEGN,EARNINGS_DRIFT,SHORT,-13.3,39.35,35.49,9.81,1.2,8.61
2024-08-09,LEGN,EARNINGS_DRIFT,BUY,76.2,56.25,49.8,-11.47,2.91,-14.38
2026-02-24,BEAM,EARNINGS_DRIFT,BUY,308.0,29.61,26.55,-10.33,-2.15,-8.19
2025-02-25,BEAM,EARNINGS_DRIFT,BUY,10.7,27.89,21.91,-21.44,-4.08,-17.36
2024-05-07,BEAM,EARNINGS_DRIFT,BUY,12.9,22.24,24.07,8.23,3.38,4.85
2026-02-12,CRSP,EARNINGS_DRIFT,SHORT,-11.4,53.07,52.25,1.55,-0.51,2.06
2025-05-06,CRSP,EARNINGS_DRIFT,SHORT,-23.4,34.25,38.57,-12.61,5.68,-18.3
2025-02-11,CRSP,EARNINGS_DRIFT,BUY,63.0,43.3,41.99,-3.03,-8.61,5.58
2024-11-05,CRSP,EARNINGS_DRIFT,BUY,27.9,50.72,49.51,-2.39,2.64,-5.03
2026-02-26,NTLA,EARNINGS_DRIFT,BUY,13.5,13.78,13.62,-1.17,-1.13,-0.04
2025-05-08,NTLA,EARNINGS_DRIFT,BUY,13.4,8.12,8.28,1.97,6.26,-4.29
2024-08-08,NTLA,EARNINGS_DRIFT,SHORT,-26.7,21.46,19.83,7.6,2.52,5.08
2024-05-09,NTLA,EARNINGS_DRIFT,BUY,17.6,24.46,23.28,-4.82,2.85,-7.67
2026-02-26,CELH,EARNINGS_DRIFT,BUY,36.8,53.61,45.33,-15.44,-1.13,-14.32
2025-11-06,CELH,EARNINGS_DRIFT,BUY,50.0,41.52,44.3,6.7,1.89,4.81
2025-08-07,CELH,EARNINGS_DRIFT,BUY,95.8,51.95,55.64,7.1,1.83,5.27
2025-05-06,CELH,EARNINGS_DRIFT,SHORT,-21.1,35.79,40.08,-11.99,5.68,-17.67
2025-02-20,CELH,EARNINGS_DRIFT,BUY,40.0,32.62,32.93,0.95,-5.71,6.66
2024-08-06,CELH,EARNINGS_DRIFT,BUY,12.0,39.4,32.03,-18.71,5.97,-24.67
2024-05-07,CELH,EARNINGS_DRIFT,BUY,42.1,77.13,74.07,-3.97,3.38,-7.35
2026-02-24,CAVA,EARNINGS_DRIFT,BUY,33.3,85.67,81.75,-4.58,-2.15,-2.43
2025-08-12,CAVA,EARNINGS_DRIFT,BUY,14.3,70.45,64.32,-8.7,1.98,-10.68
2025-05-15,CAVA,EARNINGS_DRIFT,BUY,46.7,96.81,74.5,-23.05,1.43,-24.47
2025-02-25,CAVA,EARNINGS_DRIFT,SHORT,-16.7,98.96,86.67,12.42,-4.08,16.5
2024-11-12,CAVA,EARNINGS_DRIFT,BUY,36.4,147.3,125.37,-14.89,1.2,-16.08
2024-08-22,CAVA,EARNINGS_DRIFT,BUY,41.7,122.0,128.27,5.14,1.65,3.49
2024-05-28,CAVA,EARNINGS_DRIFT,BUY,200.0,88.16,91.57,3.87,4.19,-0.32
2026-02-04,ELF,EARNINGS_DRIFT,BUY,72.2,76.86,82.44,7.26,-0.77,8.03
2025-11-05,ELF,EARNINGS_DRIFT,BUY,19.3,76.54,81.4,6.35,2.29,4.06
2024-11-06,ELF,EARNINGS_DRIFT,BUY,79.1,116.07,139.6,20.27,2.05,18.22
2024-08-08,ELF,EARNINGS_DRIFT,BUY,31.0,160.83,113.98,-29.13,2.52,-31.65
2024-05-22,ELF,EARNINGS_DRIFT,BUY,60.6,184.77,204.19,10.51,3.52,6.99
2026-03-03,ONON,EARNINGS_DRIFT,BUY,19.0,43.23,40.98,-5.2,-1.0,-4.2
2025-11-12,ONON,EARNINGS_DRIFT,BUY,59.3,42.4,48.76,15.0,1.45,13.55
2025-08-12,ONON,EARNINGS_DRIFT,SHORT,-142.9,48.19,43.3,10.15,1.98,8.17
2025-03-04,ONON,EARNINGS_DRIFT,BUY,83.3,52.48,44.92,-14.41,-2.89,-11.52
2024-11-12,ONON,EARNINGS_DRIFT,SHORT,-37.5,52.71,57.6,-9.28,1.2,-10.47
2024-08-13,ONON,EARNINGS_DRIFT,SHORT,-17.6,40.56,49.05,-20.93,2.82,-23.75
2024-05-14,ONON,EARNINGS_DRIFT,BUY,120.0,36.42,42.9,17.79,2.39,15.4
2026-02-12,CROX,EARNINGS_DRIFT,BUY,19.9,96.88,84.37,-12.91,-0.51,-12.4
2025-10-30,CROX,EARNINGS_DRIFT,BUY,23.7,81.69,86.63,6.05,-0.26,6.31
2025-05-08,CROX,EARNINGS_DRIFT,BUY,20.5,109.77,102.24,-6.86,6.26,-13.12
2025-02-13,CROX,EARNINGS_DRIFT,BUY,11.5,108.43,103.87,-4.21,-6.98,2.77
2024-10-29,CROX,EARNINGS_DRIFT,BUY,15.8,109.0,105.6,-3.12,3.24,-6.36
2024-08-01,CROX,EARNINGS_DRIFT,BUY,12.3,123.31,146.17,18.54,5.78,12.76
2024-05-07,CROX,EARNINGS_DRIFT,BUY,34.2,135.42,148.41,9.59,3.38,6.21
2025-10-30,SHAK,EARNINGS_DRIFT,BUY,16.1,96.51,86.12,-10.77,-0.26,-10.5
2025-07-31,SHAK,EARNINGS_DRIFT,BUY,15.8,111.84,106.0,-5.22,3.75,-8.97
2025-05-01,SHAK,EARNINGS_DRIFT,SHORT,-12.5,94.37,128.39,-36.05,4.58,-40.63
2024-10-30,SHAK,EARNINGS_DRIFT,BUY,31.6,121.67,133.73,9.91,5.96,3.95
2024-05-02,SHAK,EARNINGS_DRIFT,BUY,30.0,107.47,92.57,-13.86,3.23,-17.09
2026-02-12,BROS,EARNINGS_DRIFT,BUY,70.0,53.2,52.15,-1.96,-0.51,-1.45
2025-11-05,BROS,EARNINGS_DRIFT,BUY,11.8,53.22,58.43,9.79,2.29,7.5
2025-08-06,BROS,EARNINGS_DRIFT,BUY,11.1,70.27,65.98,-6.11,2.37,-8.48
2025-05-07,BROS,EARNINGS_DRIFT,BUY,27.3,64.45,73.08,13.39,6.03,7.36
2025-02-12,BROS,EARNINGS_DRIFT,BUY,250.0,83.54,62.48,-25.21,-7.7,-17.51
2024-11-06,BROS,EARNINGS_DRIFT,BUY,33.3,44.77,55.14,23.16,2.05,21.11
2024-08-07,BROS,EARNINGS_DRIFT,BUY,46.2,30.22,31.81,5.26,1.83,3.43
2024-05-07,BROS,EARNINGS_DRIFT,BUY,350.0,31.77,38.61,21.53,3.38,18.15
2024-09-04,DKS,EARNINGS_DRIFT,BUY,13.2,207.77,201.73,-2.91,3.63,-6.54
2024-05-29,DKS,EARNINGS_DRIFT,BUY,11.1,215.71,207.79,-3.67,4.47,-8.14
2026-02-24,AXON,EARNINGS_DRIFT,BUY,34.4,520.18,531.57,2.19,-2.15,4.34
2025-08-04,AXON,EARNINGS_DRIFT,BUY,45.2,867.12,725.29,-16.36,2.51,-18.87
2025-05-07,AXON,EARNINGS_DRIFT,BUY,10.2,686.83,791.85,15.29,6.03,9.26
2025-02-25,AXON,EARNINGS_DRIFT,BUY,48.6,572.4,559.06,-2.33,-4.08,1.75
2024-11-07,AXON,EARNINGS_DRIFT,BUY,20.8,603.18,642.59,6.53,1.08,5.45
2024-08-06,AXON,EARNINGS_DRIFT,BUY,22.4,349.24,354.86,1.61,5.97,-4.36
2024-05-06,AXON,EARNINGS_DRIFT,BUY,21.1,312.73,282.13,-9.78,3.39,-13.17
2026-02-17,BLDR,EARNINGS_DRIFT,SHORT,-12.5,113.9,94.67,16.88,-1.17,18.05
2024-08-06,BLDR,EARNINGS_DRIFT,BUY,13.6,152.86,167.55,9.61,5.97,3.64
2024-05-07,BLDR,EARNINGS_DRIFT,BUY,13.7,163.46,145.64,-10.9,3.38,-14.28
2025-10-29,GNRC,EARNINGS_DRIFT,SHORT,-16.8,165.78,151.63,8.54,0.52,8.01
2025-07-30,GNRC,EARNINGS_DRIFT,BUY,25.0,194.69,186.92,-3.99,2.66,-6.66
2025-04-30,GNRC,EARNINGS_DRIFT,BUY,29.9,112.67,122.13,8.4,5.54,2.86
2025-02-12,GNRC,EARNINGS_DRIFT,BUY,10.7,146.83,130.41,-11.18,-7.7,-3.49
2024-10-31,GNRC,EARNINGS_DRIFT,BUY,15.4,168.91,187.45,10.98,5.71,5.27
2024-07-31,GNRC,EARNINGS_DRIFT,BUY,12.5,145.5,155.0,6.53,2.83,3.7
2024-05-01,GNRC,EARNINGS_DRIFT,BUY,23.9,128.66,147.21,14.42,4.42,9.99
2026-02-09,CLF,EARNINGS_DRIFT,BUY,30.6,12.27,9.61,-21.64,-2.0,-19.64
2025-07-21,CLF,EARNINGS_DRIFT,BUY,25.4,11.32,10.43,-7.86,1.74,-9.6
2025-05-07,CLF,EARNINGS_DRIFT,SHORT,-13.6,7.15,7.6,-6.29,6.03,-12.32
2024-11-04,CLF,EARNINGS_DRIFT,SHORT,-10.0,11.61,12.44,-7.15,5.37,-12.52
2024-04-22,CLF,EARNINGS_DRIFT,SHORT,-14.3,18.55,17.51,5.61,5.08,0.52
2026-01-22,AA,EARNINGS_DRIFT,BUY,24.8,62.21,59.81,-3.86,-0.99,-2.87
2025-10-22,AA,EARNINGS_DRIFT,BUY,60.0,40.03,35.83,-10.5,-2.86,-7.63
2025-04-16,AA,EARNINGS_DRIFT,BUY,52.5,23.1,29.12,26.07,12.88,13.19
2024-10-16,AA,EARNINGS_DRIFT,BUY,90.0,39.74,40.69,2.38,1.89,0.49
2024-07-17,AA,EARNINGS_DRIFT,BUY,77.8,35.0,31.61,-9.69,0.07,-9.76
2024-04-17,AA,EARNINGS_DRIFT,SHORT,-84.1,34.74,39.32,-13.19,5.84,-19.03
2026-02-26,MP,EARNINGS_DRIFT,BUY,350.0,58.87,62.1,5.48,-1.13,6.6
2025-11-06,MP,EARNINGS_DRIFT,BUY,37.5,58.6,61.2,4.44,1.89,2.55
2025-08-07,MP,EARNINGS_DRIFT,BUY,35.0,74.32,62.72,-15.61,1.83,-17.44
2025-05-08,MP,EARNINGS_DRIFT,BUY,12.5,21.95,27.69,26.15,6.26,19.89
2024-08-01,MP,EARNINGS_DRIFT,SHORT,-88.9,11.17,12.9,-15.49,5.78,-21.26
2024-05-02,MP,EARNINGS_DRIFT,SHORT,-33.3,15.41,16.13,-4.67,3.23,-7.9
2026-02-23,FANG,EARNINGS_DRIFT,SHORT,-13.0,171.49,177.51,-3.51,-1.32,-2.19
2024-11-04,FANG,EARNINGS_DRIFT,SHORT,-13.8,168.93,165.28,2.16,5.37,-3.21
2026-02-24,MTDR,EARNINGS_DRIFT,BUY,14.5,49.37,54.62,10.64,-2.15,12.78
2025-10-21,MTDR,EARNINGS_DRIFT,BUY,10.6,39.0,40.72,4.4,-0.77,5.17
2025-04-23,MTDR,EARNINGS_DRIFT,BUY,11.8,39.5,42.58,7.78,6.66,1.13
2024-10-22,MTDR,EARNINGS_DRIFT,BUY,21.3,48.71,57.03,17.08,2.16,14.92
2024-07-23,MTDR,EARNINGS_DRIFT,BUY,17.8,58.97,53.68,-8.96,3.58,-12.55
2024-04-23,MTDR,EARNINGS_DRIFT,BUY,12.5,62.22,57.97,-6.84,4.83,-11.67
2026-02-26,RKLB,EARNINGS_DRIFT,BUY,10.0,69.1,70.46,1.97,-1.13,3.09
2025-11-10,RKLB,EARNINGS_DRIFT,BUY,70.0,51.24,57.52,12.26,0.67,11.59
2025-08-07,RKLB,EARNINGS_DRIFT,SHORT,-18.2,44.69,47.73,-6.8,1.83,-8.63
2024-08-08,RKLB,EARNINGS_DRIFT,BUY,20.0,5.37,6.14,14.34,2.52,11.82
2024-05-06,RKLB,EARNINGS_DRIFT,BUY,25.0,3.97,4.44,11.84,3.39,8.45
2025-11-13,LUNR,EARNINGS_DRIFT,SHORT,-60.0,9.53,11.12,-16.68,1.31,-17.99
2025-08-07,LUNR,EARNINGS_DRIFT,SHORT,-175.0,9.81,8.44,13.97,1.83,12.14
2025-05-13,LUNR,EARNINGS_DRIFT,SHORT,-300.0,11.83,10.89,7.95,2.75,5.2
2025-03-25,LUNR,EARNINGS_DRIFT,SHORT,-2211.1,8.79,8.38,4.66,-3.85,8.52
2024-11-15,LUNR,EARNINGS_DRIFT,BUY,2600.0,11.68,13.89,18.92,2.74,16.18
2024-08-13,LUNR,EARNINGS_DRIFT,BUY,261.1,3.59,5.7,58.77,2.82,55.95
2024-05-14,LUNR,EARNINGS_DRIFT,SHORT,-3957.1,5.21,4.03,22.65,2.39,20.26
2026-03-02,ASTS,EARNINGS_DRIFT,SHORT,-30.0,92.68,88.15,4.89,-0.3,5.19
2025-11-10,ASTS,EARNINGS_DRIFT,SHORT,-73.1,67.89,79.05,-16.44,0.67,-17.11
2025-08-11,ASTS,EARNINGS_DRIFT,SHORT,-412.5,49.76,37.58,24.48,1.48,23.0
2025-03-03,ASTS,EARNINGS_DRIFT,BUY,33.3,28.61,21.85,-23.63,-2.46,-21.17
2024-11-14,ASTS,EARNINGS_DRIFT,SHORT,-450.0,24.23,24.3,-0.29,3.59,-3.88
2024-08-14,ASTS,EARNINGS_DRIFT,SHORT,-131.8,31.36,29.83,4.88,1.62,3.26
2024-05-15,ASTS,EARNINGS_DRIFT,BUY,23.8,4.03,10.22,153.6,2.67,150.93
2026-02-25,IONQ,EARNINGS_DRIFT,BUY,13.0,40.88,35.82,-12.38,-1.6,-10.78
2025-11-05,IONQ,EARNINGS_DRIFT,SHORT,-713.6,57.43,52.69,8.25,2.29,5.96
2025-08-06,IONQ,EARNINGS_DRIFT,SHORT,-141.4,40.49,41.8,-3.24,2.37,-5.61
2025-05-07,IONQ,EARNINGS_DRIFT,BUY,51.7,31.84,39.02,22.55,6.03,16.52
2025-02-26,IONQ,EARNINGS_DRIFT,SHORT,-272.0,24.91,23.65,5.06,-2.78,7.84
2024-08-07,IONQ,EARNINGS_DRIFT,BUY,18.2,7.11,6.8,-4.36,1.83,-6.19
2024-05-08,IONQ,EARNINGS_DRIFT,BUY,24.0,9.2,7.86,-14.57,2.66,-17.23
2026-02-26,SOUN,EARNINGS_DRIFT,BUY,200.0,8.6,7.97,-7.33,-1.13,-6.2
2025-11-06,SOUN,EARNINGS_DRIFT,SHORT,-200.0,14.14,12.68,10.33,1.89,8.44
2025-08-07,SOUN,EARNINGS_DRIFT,BUY,40.0,13.55,15.29,12.84,1.83,11.01
2025-02-27,SOUN,EARNINGS_DRIFT,BUY,37.5,10.82,8.5,-21.44,-6.2,-15.24
2024-11-12,SOUN,EARNINGS_DRIFT,BUY,42.9,6.27,13.67,118.02,1.2,116.83
2024-08-08,SOUN,EARNINGS_DRIFT,BUY,50.0,4.87,4.62,-5.13,2.52,-7.65
2024-05-09,SOUN,EARNINGS_DRIFT,BUY,12.5,5.09,4.77,-6.29,2.85,-9.13
2026-03-02,BBAI,EARNINGS_DRIFT,BUY,83.3,3.8,4.07,7.1,-0.3,7.41
2025-11-10,BBAI,EARNINGS_DRIFT,BUY,114.3,6.06,6.61,9.08,0.67,8.41
2025-08-11,BBAI,EARNINGS_DRIFT,SHORT,-1083.3,5.97,4.73,20.77,1.48,19.29
2025-05-01,BBAI,EARNINGS_DRIFT,SHORT,-316.7,3.36,3.95,-17.56,4.58,-22.14
2025-03-06,BBAI,EARNINGS_DRIFT,SHORT,-760.0,3.34,2.85,14.67,-12.0,26.67
2024-11-05,BBAI,EARNINGS_DRIFT,BUY,28.6,1.59,2.86,79.87,2.64,77.23
2024-08-01,BBAI,EARNINGS_DRIFT,BUY,28.6,1.34,1.59,18.66,5.78,12.88
2024-05-02,BBAI,EARNINGS_DRIFT,SHORT,-1016.7,1.49,1.48,0.67,3.23,-2.56
2026-02-05,FUBO,EARNINGS_DRIFT,SHORT,-750.0,1.58,1.17,25.95,-1.79,27.74
2025-11-03,FUBO,EARNINGS_DRIFT,BUY,150.0,3.68,2.86,-22.28,1.28,-23.56
2025-08-08,FUBO,EARNINGS_DRIFT,BUY,150.0,3.59,4.09,13.93,2.27,11.66
2025-05-02,FUBO,EARNINGS_DRIFT,BUY,33.3,2.52,3.5,38.89,5.78,33.11
2025-02-28,FUBO,EARNINGS_DRIFT,BUY,81.8,2.84,2.92,2.82,-3.89,6.7
2024-11-01,FUBO,EARNINGS_DRIFT,BUY,33.3,1.45,1.69,16.55,5.98,10.57
2024-08-06,FUBO,EARNINGS_DRIFT,BUY,50.0,1.24,1.65,33.06,5.97,27.1
2024-05-03,FUBO,EARNINGS_DRIFT,BUY,26.7,1.41,1.24,-12.06,2.29,-14.34
2026-03-02,PLUG,EARNINGS_DRIFT,SHORT,-530.0,2.23,2.14,3.81,-0.3,4.11
2025-08-11,PLUG,EARNINGS_DRIFT,SHORT,-12.5,1.54,1.44,6.49,1.48,5.01
2025-03-03,PLUG,EARNINGS_DRIFT,SHORT,-617.4,1.62,1.31,19.14,-2.46,21.6
2024-08-08,PLUG,EARNINGS_DRIFT,SHORT,-17.2,1.97,1.71,13.2,2.52,10.68
2024-05-09,PLUG,EARNINGS_DRIFT,SHORT,-42.4,2.56,2.97,-16.02,2.85,-18.86
2025-08-05,CLOV,EARNINGS_DRIFT,BUY,33.3,2.26,2.69,19.03,2.58,16.44
2025-05-06,CLOV,EARNINGS_DRIFT,BUY,171.4,3.77,3.02,-19.89,5.68,-25.58
2025-02-27,CLOV,EARNINGS_DRIFT,BUY,16.7,3.97,3.59,-9.57,-6.2,-3.37
2024-11-06,CLOV,EARNINGS_DRIFT,BUY,33.3,3.67,3.36,-8.45,2.05,-10.5
2024-08-05,CLOV,EARNINGS_DRIFT,BUY,150.0,1.83,2.87,56.56,5.52,51.04
2024-05-07,CLOV,EARNINGS_DRIFT,BUY,37.5,0.87,1.1,26.29,3.38,22.91
2026-02-24,LCID,EARNINGS_DRIFT,SHORT,-15.4,10.28,10.45,-1.65,-2.15,0.49
2025-11-05,LCID,EARNINGS_DRIFT,SHORT,-20.5,17.96,13.42,25.28,2.29,22.98
2025-08-05,LCID,EARNINGS_DRIFT,SHORT,-10.6,21.85,16.16,26.04,2.58,23.46
2025-05-06,LCID,EARNINGS_DRIFT,BUY,14.2,22.5,21.3,-5.33,5.68,-11.02
2025-02-25,LCID,EARNINGS_DRIFT,BUY,22.8,22.55,23.55,4.43,-4.08,8.51
2024-08-05,LCID,EARNINGS_DRIFT,SHORT,-14.8,30.9,38.2,-23.62,5.52,-29.14
2024-05-06,LCID,EARNINGS_DRIFT,SHORT,-22.4,26.2,27.9,-6.49,3.39,-9.88
2026-02-12,RIVN,EARNINGS_DRIFT,BUY,16.5,17.73,16.9,-4.68,-0.51,-4.17
2025-11-04,RIVN,EARNINGS_DRIFT,SHORT,-11.6,15.42,18.06,-17.12,1.01,-18.13
2025-08-05,RIVN,EARNINGS_DRIFT,SHORT,-24.4,11.64,13.7,-17.7,2.58,-20.28
2025-05-06,RIVN,EARNINGS_DRIFT,BUY,47.8,12.72,13.78,8.33,5.68,2.65
2024-05-06,RIVN,EARNINGS_DRIFT,SHORT,-16.5,10.25,11.45,-11.71,3.39,-15.1
2026-02-03,ENPH,EARNINGS_DRIFT,BUY,22.4,51.67,41.15,-20.36,-0.71,-19.65
2025-10-28,ENPH,EARNINGS_DRIFT,BUY,36.4,31.14,27.82,-10.66,-1.12,-9.54
2025-07-22,ENPH,EARNINGS_DRIFT,BUY,11.3,36.48,35.68,-2.19,0.61,-2.81
2025-02-04,ENPH,EARNINGS_DRIFT,BUY,25.3,65.27,58.72,-10.04,-5.21,-4.82
2024-10-22,ENPH,EARNINGS_DRIFT,SHORT,-16.7,78.47,63.38,19.23,2.16,17.07
2024-07-23,ENPH,EARNINGS_DRIFT,SHORT,-10.4,116.91,119.31,-2.05,3.58,-5.64
2024-04-23,ENPH,EARNINGS_DRIFT,SHORT,-10.3,107.17,121.23,-13.12,4.83,-17.95
2025-07-31,FSLR,EARNINGS_DRIFT,BUY,21.4,183.97,195.19,6.1,3.75,2.35
2025-04-29,FSLR,EARNINGS_DRIFT,SHORT,-21.1,125.82,155.95,-23.95,6.4,-30.35
2025-02-25,FSLR,EARNINGS_DRIFT,SHORT,-22.2,156.84,126.34,19.45,-4.08,23.52
2024-07-30,FSLR,EARNINGS_DRIFT,BUY,19.9,215.99,228.57,5.82,1.36,4.46
2024-05-01,FSLR,EARNINGS_DRIFT,BUY,10.6,180.51,271.76,50.55,4.42,46.13
2026-02-26,RUN,EARNINGS_DRIFT,BUY,733.3,13.25,12.06,-8.94,-1.13,-7.82
2025-11-06,RUN,EARNINGS_DRIFT,SHORT,-50.0,17.13,18.06,-5.43,1.89,-7.32
2025-08-06,RUN,EARNINGS_DRIFT,BUY,1072.7,12.0,18.18,51.5,2.37,49.13
2025-05-07,RUN,EARNINGS_DRIFT,BUY,155.6,8.5,8.51,0.12,6.03,-5.91
2025-02-27,RUN,EARNINGS_DRIFT,SHORT,-4070.0,7.25,5.94,18.07,-6.2,24.27
2024-11-07,RUN,EARNINGS_DRIFT,SHORT,-68.2,10.23,11.21,-9.58,1.08,-10.66
2024-08-06,RUN,EARNINGS_DRIFT,BUY,237.5,18.31,19.26,5.19,5.97,-0.78
2024-05-08,RUN,EARNINGS_DRIFT,BUY,29.8,12.41,13.45,8.38,2.66,5.72
2026-01-28,MSFT,EARNINGS_DRIFT,BUY,34.0,432.51,392.74,-9.2,-1.16,-8.04
2024-05-22,NVDA,EARNINGS_DRIFT,BUY,15.4,103.75,118.06,13.8,3.52,10.27
2025-10-29,GOOGL,EARNINGS_DRIFT,BUY,27.0,281.1,319.75,13.75,0.52,13.23
2025-04-24,GOOGL,EARNINGS_DRIFT,BUY,39.8,161.4,167.89,4.02,5.17,-1.15
2024-10-29,GOOGL,EARNINGS_DRIFT,BUY,14.6,173.46,168.26,-3.0,3.24,-6.24
2024-04-25,GOOGL,EARNINGS_DRIFT,BUY,25.2,170.54,173.56,1.77,4.17,-2.4
2025-10-30,AMZN,EARNINGS_DRIFT,BUY,25.0,244.22,233.88,-4.23,-0.26,-3.97
2025-07-31,AMZN,EARNINGS_DRIFT,BUY,27.3,214.75,229.0,6.64,3.75,2.88
2025-05-01,AMZN,EARNINGS_DRIFT,BUY,16.9,189.98,206.65,8.77,4.58,4.2
2025-02-06,AMZN,EARNINGS_DRIFT,BUY,25.7,229.15,194.54,-15.1,-6.69,-8.41
2024-10-31,AMZN,EARNINGS_DRIFT,BUY,25.4,197.93,210.71,6.46,5.71,0.75
2024-08-01,AMZN,EARNINGS_DRIFT,BUY,22.3,167.9,178.5,6.31,5.78,0.54
2024-04-30,AMZN,EARNINGS_DRIFT,BUY,18.1,179.0,179.32,0.18,4.45,-4.27
2026-01-28,TSLA,EARNINGS_DRIFT,SHORT,-31.4,416.56,402.51,3.37,-1.16,4.53
2025-10-22,TSLA,EARNINGS_DRIFT,SHORT,-11.4,448.98,395.23,11.97,-2.86,14.83
2025-07-23,TSLA,EARNINGS_DRIFT,BUY,10.0,305.3,320.11,4.85,0.18,4.67
2025-04-22,TSLA,EARNINGS_DRIFT,SHORT,-65.7,250.74,334.62,-33.45,8.86,-42.31
2024-10-23,TSLA,EARNINGS_DRIFT,BUY,24.0,260.48,339.64,30.39,2.49,27.9
2024-07-23,TSLA,EARNINGS_DRIFT,SHORT,-16.1,215.99,223.27,-3.37,3.58,-6.95
2025-07-30,META,EARNINGS_DRIFT,BUY,21.0,772.29,749.99,-2.89,2.66,-5.55
2025-04-30,META,EARNINGS_DRIFT,BUY,23.4,570.92,646.03,13.16,5.54,7.62
2025-01-29,META,EARNINGS_DRIFT,BUY,18.6,684.84,666.1,-2.74,-1.79,-0.94
2024-10-30,META,EARNINGS_DRIFT,BUY,14.0,565.34,572.05,1.19,5.96,-4.78
2025-07-15,JPM,EARNINGS_DRIFT,BUY,11.0,283.16,287.83,1.65,3.31,-1.66
2025-01-15,JPM,EARNINGS_DRIFT,BUY,19.1,249.16,271.03,8.78,3.05,5.73
2024-07-12,JPM,EARNINGS_DRIFT,BUY,35.1,203.52,199.78,-1.84,-5.03,3.2
2026-02-12,COIN,EARNINGS_DRIFT,SHORT,-364.9,164.32,197.82,-20.38,-0.51,-19.87
2025-10-30,COIN,EARNINGS_DRIFT,BUY,32.7,343.78,259.84,-24.42,-0.26,-24.15
2025-07-31,COIN,EARNINGS_DRIFT,BUY,245.0,314.69,304.54,-3.23,3.75,-6.98
2025-05-08,COIN,EARNINGS_DRIFT,SHORT,-87.4,199.32,256.63,-28.75,6.26,-35.01
2025-02-13,COIN,EARNINGS_DRIFT,BUY,129.4,274.31,188.96,-31.11,-6.98,-24.14
2024-10-30,COIN,EARNINGS_DRIFT,SHORT,-33.3,179.25,296.2,-65.24,5.96,-71.21
2024-08-01,COIN,EARNINGS_DRIFT,SHORT,-82.5,204.44,183.36,10.31,5.78,4.54
2024-05-02,COIN,EARNINGS_DRIFT,BUY,246.5,223.25,231.39,3.65,3.23,0.42
2025-10-30,RBLX,EARNINGS_DRIFT,BUY,27.5,113.72,93.79,-17.53,-0.26,-17.26
2025-07-31,RBLX,EARNINGS_DRIFT,SHORT,-13.9,125.03,124.59,0.35,3.75,-3.4
2025-05-01,RBLX,EARNINGS_DRIFT,BUY,20.0,74.09,89.95,21.41,4.58,16.83
2025-02-06,RBLX,EARNINGS_DRIFT,BUY,26.7,66.28,53.77,-18.87,-6.69,-12.18
2024-08-01,RBLX,EARNINGS_DRIFT,BUY,17.9,39.04,43.99,12.68,5.78,6.9
2024-05-09,RBLX,EARNINGS_DRIFT,BUY,18.9,31.45,34.99,11.26,2.85,8.41
2025-11-05,U,EARNINGS_DRIFT,SHORT,-30.4,39.93,45.78,-14.65,2.29,-16.95
2025-08-06,U,EARNINGS_DRIFT,BUY,20.0,33.57,43.82,30.53,2.37,28.16
2025-05-07,U,EARNINGS_DRIFT,BUY,118.2,20.65,25.13,21.69,6.03,15.66
2025-02-20,U,EARNINGS_DRIFT,BUY,43.8,28.34,21.55,-23.96,-5.71,-18.25
2024-11-07,U,EARNINGS_DRIFT,BUY,42.9,20.5,27.38,33.56,1.08,32.48
2024-08-08,U,EARNINGS_DRIFT,BUY,92.9,15.54,17.17,10.49,2.52,7.97
2024-05-09,U,EARNINGS_DRIFT,BUY,466.7,21.69,17.97,-17.15,2.85,-20.0
2025-11-06,NKTR,EARNINGS_DRIFT,BUY,33.0,55.97,57.28,2.34,1.89,0.45
2025-08-07,NKTR,EARNINGS_DRIFT,BUY,10.9,23.06,44.33,92.24,1.83,90.41
2025-05-08,NKTR,EARNINGS_DRIFT,SHORT,-28.0,8.85,8.79,0.68,6.26,-5.58
2025-03-12,NKTR,EARNINGS_DRIFT,BUY,22.9,12.3,7.5,-39.02,-4.58,-34.44
2024-11-07,NKTR,EARNINGS_DRIFT,BUY,14.2,21.0,15.15,-27.86,1.08,-28.94
2024-05-09,NKTR,EARNINGS_DRIFT,BUY,10.1,26.4,18.15,-31.25,2.85,-34.1
2026-02-13,MRNA,EARNINGS_DRIFT,BUY,18.8,43.93,55.43,26.18,-0.67,26.85
2025-11-06,MRNA,EARNINGS_DRIFT,BUY,76.4,24.54,27.97,13.98,1.89,12.09
2025-08-01,MRNA,EARNINGS_DRIFT,BUY,28.3,27.64,24.19,-12.48,1.44,-13.92
2025-05-01,MRNA,EARNINGS_DRIFT,BUY,20.8,27.61,27.05,-2.03,4.58,-6.61
2024-11-07,MRNA,EARNINGS_DRIFT,BUY,101.6,46.83,45.65,-2.52,1.08,-3.6
2024-05-02,MRNA,EARNINGS_DRIFT,BUY,13.5,125.0,147.82,18.26,3.23,15.03
2025-11-03,BNTX,EARNINGS_DRIFT,SHORT,-220.0,104.83,96.73,7.73,1.28,6.45
2025-08-04,BNTX,EARNINGS_DRIFT,SHORT,-13.5,111.07,100.42,9.59,2.51,7.08
2025-05-05,BNTX,EARNINGS_DRIFT,BUY,26.4,94.74,111.14,17.32,6.64,10.67
2025-03-10,BNTX,EARNINGS_DRIFT,BUY,145.5,98.39,86.65,-11.93,-10.42,-1.51
2024-11-04,BNTX,EARNINGS_DRIFT,BUY,150.3,110.97,114.7,3.36,5.37,-2.01
2024-08-05,BNTX,EARNINGS_DRIFT,SHORT,-64.7,79.5,89.02,-11.97,5.52,-17.49
2026-02-03,PYPL,EARNINGS_DRIFT,BUY,23.4,40.91,47.64,16.46,-0.71,17.17
2025-10-28,PYPL,EARNINGS_DRIFT,BUY,10.7,69.31,61.64,-11.06,-1.12,-9.94
2025-04-29,PYPL,EARNINGS_DRIFT,BUY,14.7,65.49,70.55,7.73,6.4,1.33
2024-10-29,PYPL,EARNINGS_DRIFT,BUY,12.1,77.8,86.11,10.68,3.24,7.43
2024-07-30,PYPL,EARNINGS_DRIFT,BUY,20.2,65.43,70.06,7.07,1.36,5.71
2024-04-30,PYPL,EARNINGS_DRIFT,SHORT,-11.5,65.79,62.18,5.49,4.45,1.04
2026-02-25,STRL,EARNINGS_DRIFT,BUY,17.1,433.34,419.31,-3.24,-1.6,-1.64
2025-11-03,STRL,EARNINGS_DRIFT,BUY,22.5,382.57,323.46,-15.45,1.28,-16.73
2025-08-04,STRL,EARNINGS_DRIFT,BUY,11.6,296.58,273.82,-7.67,2.51,-10.19
2025-05-05,STRL,EARNINGS_DRIFT,BUY,12.4,171.95,193.81,12.71,6.64,6.07
2024-11-06,STRL,EARNINGS_DRIFT,BUY,17.9,174.31,195.74,12.29,2.05,10.25
2024-08-05,STRL,EARNINGS_DRIFT,BUY,16.8,106.15,109.44,3.1,5.52,-2.42
2024-05-06,STRL,EARNINGS_DRIFT,BUY,22.0,122.0,116.53,-4.48,3.39,-7.87
2026-02-03,ATKR,EARNINGS_DRIFT,BUY,31.7,68.71,62.88,-8.48,-0.71,-7.77
2025-11-20,ATKR,EARNINGS_DRIFT,SHORT,-45.2,60.95,63.57,-4.3,4.22,-8.52
2025-05-06,ATKR,EARNINGS_DRIFT,BUY,19.3,65.78,65.45,-0.51,5.68,-6.19
2024-05-07,ATKR,EARNINGS_DRIFT,BUY,11.8,152.37,137.28,-9.9,3.38,-13.28
2026-02-23,UFPI,EARNINGS_DRIFT,SHORT,-34.0,108.38,92.46,14.69,-1.32,16.01
2025-04-28,UFPI,EARNINGS_DRIFT,SHORT,-17.2,98.85,96.03,2.85,6.03,-3.17
2024-10-28,UFPI,EARNINGS_DRIFT,SHORT,-13.2,120.6,134.81,-11.78,3.25,-15.02
2024-04-30,UFPI,EARNINGS_DRIFT,BUY,16.7,110.15,115.04,4.43,4.45,-0.02
2026-02-11,AR,EARNINGS_DRIFT,BUY,14.8,33.81,37.82,11.86,-0.44,12.3
2025-10-29,AR,EARNINGS_DRIFT,SHORT,-36.0,30.03,36.43,-21.31,0.52,-21.84
2025-07-30,AR,EARNINGS_DRIFT,SHORT,-16.7,34.93,32.14,7.99,2.66,5.32
2025-04-30,AR,EARNINGS_DRIFT,SHORT,-11.4,34.65,37.45,-8.08,5.54,-13.62
2025-02-12,AR,EARNINGS_DRIFT,BUY,92.0,40.15,37.57,-6.43,-7.7,1.27
2024-10-30,AR,EARNINGS_DRIFT,SHORT,-75.0,25.88,32.69,-26.31,5.96,-32.28
2024-07-31,AR,EARNINGS_DRIFT,SHORT,-18.8,28.77,26.9,6.5,2.83,3.67
2024-04-24,AR,EARNINGS_DRIFT,BUY,133.3,33.39,33.51,0.36,4.46,-4.1
2026-02-24,RRC,EARNINGS_DRIFT,BUY,12.3,39.13,40.63,3.83,-2.15,5.98
2025-02-25,RRC,EARNINGS_DRIFT,BUY,13.3,38.18,39.55,3.6,-4.08,7.67
2024-10-22,RRC,EARNINGS_DRIFT,BUY,29.7,30.58,34.74,13.6,2.16,11.44
2024-04-23,RRC,EARNINGS_DRIFT,BUY,16.9,37.14,36.6,-1.46,4.83,-6.29
2026-02-17,EQT,EARNINGS_DRIFT,BUY,18.4,58.63,61.76,5.34,-1.17,6.51
2025-10-21,EQT,EARNINGS_DRIFT,BUY,44.4,53.18,58.72,10.42,-0.77,11.2
2025-04-22,EQT,EARNINGS_DRIFT,BUY,16.8,48.18,55.22,14.62,8.86,5.76
2025-02-18,EQT,EARNINGS_DRIFT,BUY,30.2,53.6,52.97,-1.18,-7.47,6.29
2024-10-29,EQT,EARNINGS_DRIFT,BUY,71.4,37.85,44.62,17.89,3.24,14.65
2024-07-23,EQT,EARNINGS_DRIFT,BUY,55.6,34.26,32.48,-5.21,3.58,-8.79
2024-04-23,EQT,EARNINGS_DRIFT,BUY,24.2,38.34,40.23,4.92,4.83,0.09
2026-02-11,EQIX,EARNINGS_DRIFT,SHORT,-13.1,952.68,960.02,-0.77,-0.44,-0.33
2025-10-29,EQIX,EARNINGS_DRIFT,BUY,13.4,823.66,749.23,-9.04,0.52,-9.56
2025-07-30,EQIX,EARNINGS_DRIFT,BUY,10.2,771.51,777.38,0.76,2.66,-1.9
2025-04-30,EQIX,EARNINGS_DRIFT,BUY,20.9,842.43,873.35,3.67,5.54,-1.87
2024-08-07,EQIX,EARNINGS_DRIFT,BUY,17.0,779.31,791.54,1.57,1.83,-0.26
2026-02-25,JOBY,EARNINGS_DRIFT,BUY,33.3,10.23,9.95,-2.74,-1.6,-1.14
2024-11-06,JOBY,EARNINGS_DRIFT,SHORT,-10.5,5.1,8.84,-73.33,2.05,-75.38
2024-05-07,JOBY,EARNINGS_DRIFT,BUY,17.6,4.89,5.15,5.32,3.38,1.94
2026-03-02,ACHR,EARNINGS_DRIFT,BUY,17.6,6.72,6.41,-4.69,-0.3,-4.38
2025-11-06,ACHR,EARNINGS_DRIFT,BUY,40.0,8.18,8.61,5.26,1.89,3.37
2025-08-11,ACHR,EARNINGS_DRIFT,SHORT,-44.4,10.25,8.25,19.51,1.48,18.03
2025-05-12,ACHR,EARNINGS_DRIFT,BUY,45.5,11.16,12.17,9.05,2.47,6.58
2025-02-27,ACHR,EARNINGS_DRIFT,SHORT,-50.0,8.88,7.26,18.24,-6.2,24.44
2024-11-07,ACHR,EARNINGS_DRIFT,BUY,11.5,3.89,7.82,101.03,1.08,99.94
2024-05-09,ACHR,EARNINGS_DRIFT,BUY,56.7,3.65,3.3,-9.59,2.85,-12.43
2026-03-04,RGTI,EARNINGS_DRIFT,SHORT,-20.0,16.97,17.48,-3.01,-0.45,-2.56
2025-11-10,RGTI,EARNINGS_DRIFT,BUY,25.0,31.4,26.12,-16.82,0.67,-17.48
2025-08-12,RGTI,EARNINGS_DRIFT,SHORT,-50.0,17.24,16.69,3.19,1.98,1.21
2025-05-12,RGTI,EARNINGS_DRIFT,SHORT,-100.0,9.86,12.52,-26.91,2.47,-29.39
2024-11-12,RGTI,EARNINGS_DRIFT,SHORT,-28.6,1.7,5.97,-251.18,1.2,-252.37
2024-08-08,RGTI,EARNINGS_DRIFT,SHORT,-50.0,0.79,0.69,12.91,2.52,10.39
2024-05-09,RGTI,EARNINGS_DRIFT,SHORT,-37.5,1.16,1.03,11.21,2.85,8.36
2026-03-02,QUBT,EARNINGS_DRIFT,BUY,50.0,7.73,7.71,-0.26,-0.3,0.04
2025-11-14,QUBT,EARNINGS_DRIFT,BUY,240.0,11.5,11.27,-2.0,1.98,-3.98
2025-05-15,QUBT,EARNINGS_DRIFT,BUY,28.6,12.87,21.22,64.88,1.43,63.45
2025-03-20,QUBT,EARNINGS_DRIFT,SHORT,-100.0,7.39,5.87,20.57,-8.88,29.45
2024-11-06,QUBT,EARNINGS_DRIFT,BUY,25.0,1.35,7.93,487.41,2.05,485.36
2024-10-02,QUBT,EARNINGS_DRIFT,BUY,25.0,0.67,1.12,67.92,0.14,67.77
2026-02-26,DNA,EARNINGS_DRIFT,BUY,30.6,6.75,6.52,-3.41,-1.13,-2.28
2025-11-06,DNA,EARNINGS_DRIFT,SHORT,-16.9,8.95,9.4,-5.03,1.89,-6.91
2025-08-07,DNA,EARNINGS_DRIFT,BUY,29.9,12.29,11.19,-8.95,1.83,-10.78
2024-11-12,DNA,EARNINGS_DRIFT,BUY,67.5,8.6,10.33,20.12,1.2,18.92
2024-08-08,DNA,EARNINGS_DRIFT,SHORT,-41.0,10.8,5.36,50.37,2.52,47.85
2024-05-09,DNA,EARNINGS_DRIFT,BUY,10.3,30.44,20.44,-32.85,2.85,-35.7
2025-11-10,EDIT,EARNINGS_DRIFT,BUY,26.3,2.66,2.6,-2.26,0.67,-2.92
2025-08-12,EDIT,EARNINGS_DRIFT,BUY,15.8,3.08,2.71,-12.01,1.98,-13.99
2025-05-12,EDIT,EARNINGS_DRIFT,SHORT,-55.9,1.5,2.03,-35.33,2.47,-37.81
2025-03-05,EDIT,EARNINGS_DRIFT,SHORT,-66.7,1.78,1.12,37.08,-6.01,43.08
2024-08-07,EDIT,EARNINGS_DRIFT,SHORT,-15.5,4.2,3.59,14.63,1.83,12.8
2024-05-08,EDIT,EARNINGS_DRIFT,SHORT,-18.8,5.56,5.3,4.68,2.66,2.02
2026-02-26,BFLY,EARNINGS_DRIFT,BUY,50.0,3.79,3.69,-2.64,-1.13,-1.51
2025-10-31,BFLY,EARNINGS_DRIFT,BUY,20.0,2.91,2.74,-5.84,-0.26,-5.58
2025-08-01,BFLY,EARNINGS_DRIFT,BUY,40.0,1.43,1.54,7.69,1.44,6.25
2025-05-02,BFLY,EARNINGS_DRIFT,BUY,42.9,2.22,2.36,6.31,5.78,0.52
2025-02-28,BFLY,EARNINGS_DRIFT,BUY,11.1,3.04,2.28,-25.0,-3.89,-21.11
2024-11-01,BFLY,EARNINGS_DRIFT,BUY,44.4,2.04,3.31,62.25,5.98,56.27
2024-08-01,BFLY,EARNINGS_DRIFT,BUY,30.0,1.13,1.09,-3.54,5.78,-9.32
2024-05-01,BFLY,EARNINGS_DRIFT,BUY,16.7,0.92,1.0,7.92,4.42,3.49
2025-11-20,NNOX,EARNINGS_DRIFT,BUY,11.8,4.36,3.09,-29.13,4.22,-33.35
2025-08-12,NNOX,EARNINGS_DRIFT,SHORT,-13.3,4.55,3.97,12.75,1.98,10.77
2025-03-31,NNOX,EARNINGS_DRIFT,SHORT,-13.3,4.83,5.03,-4.14,-1.15,-2.99
2024-05-28,NNOX,EARNINGS_DRIFT,BUY,19.2,8.39,6.63,-20.98,4.19,-25.17
2026-03-02,OUST,EARNINGS_DRIFT,BUY,153.8,21.72,22.27,2.53,-0.3,2.84
2025-11-04,OUST,EARNINGS_DRIFT,BUY,17.8,25.87,25.99,0.46,1.01,-0.54
2025-08-07,OUST,EARNINGS_DRIFT,SHORT,-30.0,25.8,28.3,-9.69,1.83,-11.52
2025-05-08,OUST,EARNINGS_DRIFT,SHORT,-24.0,10.62,15.19,-42.98,6.26,-49.25
2025-03-20,OUST,EARNINGS_DRIFT,SHORT,-42.3,11.05,6.74,39.0,-8.88,47.89
2024-11-07,OUST,EARNINGS_DRIFT,SHORT,-73.1,7.99,9.98,-24.91,1.08,-25.99
2024-08-13,OUST,EARNINGS_DRIFT,SHORT,-61.3,7.87,6.14,21.98,2.82,19.16
2026-02-25,INVZ,EARNINGS_DRIFT,SHORT,-25.0,0.91,0.78,14.27,-1.6,15.87
2025-05-14,INVZ,EARNINGS_DRIFT,BUY,30.0,0.99,0.92,-7.11,1.11,-8.21
2025-02-26,INVZ,EARNINGS_DRIFT,BUY,15.4,0.73,0.67,-8.72,-2.78,-5.94
2024-11-13,INVZ,EARNINGS_DRIFT,SHORT,-15.4,0.5,0.93,-86.0,1.83,-87.83
2024-08-07,INVZ,EARNINGS_DRIFT,BUY,13.3,0.73,0.53,-27.79,1.83,-29.62
2024-05-08,INVZ,EARNINGS_DRIFT,SHORT,-28.6,1.27,1.06,16.54,2.66,13.87
2025-10-29,STEM,EARNINGS_DRIFT,SHORT,-19.8,16.94,17.3,-2.13,0.52,-2.65
2025-08-07,STEM,EARNINGS_DRIFT,BUY,40.1,12.72,13.5,6.13,1.83,4.3
2025-04-29,STEM,EARNINGS_DRIFT,BUY,18.9,10.82,9.26,-14.42,6.4,-20.82
2025-03-04,STEM,EARNINGS_DRIFT,BUY,65.3,10.4,6.84,-34.23,-2.89,-31.34
2024-08-06,STEM,EARNINGS_DRIFT,SHORT,-28.5,11.8,9.14,22.54,5.97,16.58
2024-05-02,STEM,EARNINGS_DRIFT,SHORT,-25.5,27.2,26.6,2.21,3.23,-1.02
2026-02-25,ARRY,EARNINGS_DRIFT,SHORT,-783.3,7.28,7.02,3.57,-1.6,5.17
2025-11-05,ARRY,EARNINGS_DRIFT,BUY,50.0,8.37,7.92,-5.38,2.29,-7.67
2025-08-07,ARRY,EARNINGS_DRIFT,BUY,171.4,5.5,8.75,59.09,1.83,57.26
2025-05-06,ARRY,EARNINGS_DRIFT,BUY,133.3,5.04,7.4,46.83,5.68,41.14
2024-11-07,ARRY,EARNINGS_DRIFT,SHORT,-5200.0,6.04,6.1,-0.99,1.08,-2.08
2024-08-08,ARRY,EARNINGS_DRIFT,BUY,81.8,7.1,6.01,-15.35,2.52,-17.87
2024-05-08,ARRY,EARNINGS_DRIFT,BUY,400.0,12.51,13.44,7.43,2.66,4.77
2024-03-05,CRWD,VOLUME_ANOMALY,BUY,0.0,297.56,320.04,7.55,2.73,4.83
2024-06-21,CRWD,VOLUME_ANOMALY,BUY,0.0,380.63,263.91,-30.66,1.86,-32.53
2025-01-28,CRWD,VOLUME_ANOMALY,BUY,0.0,408.68,394.56,-3.46,-1.65,-1.8
2025-03-05,CRWD,VOLUME_ANOMALY,BUY,0.0,365.44,371.49,1.66,-2.89,4.54
2025-02-04,DDOG,VOLUME_ANOMALY,BUY,0.0,145.83,115.09,-21.08,-3.11,-17.97
2025-07-08,DDOG,VOLUME_ANOMALY,BUY,0.0,145.94,132.94,-8.91,1.23,-10.14
2025-01-28,NET,VOLUME_ANOMALY,BUY,0.0,139.98,144.92,3.53,-1.65,5.18
2025-10-01,NET,VOLUME_ANOMALY,BUY,0.0,217.06,227.38,4.75,2.83,1.92
2025-10-08,NET,VOLUME_ANOMALY,BUY,0.0,220.0,228.51,3.87,0.66,3.2
2026-01-27,NET,VOLUME_ANOMALY,BUY,0.0,205.95,171.8,-16.58,-0.34,-16.25
2025-05-30,ZS,VOLUME_ANOMALY,BUY,0.0,275.7,313.94,13.87,5.14,8.73
2025-09-03,ZS,VOLUME_ANOMALY,BUY,0.0,270.58,304.53,12.55,4.13,8.42
2025-03-05,MDB,VOLUME_ANOMALY,BUY,0.0,264.13,180.19,-31.78,-2.89,-28.89
2025-08-26,MDB,VOLUME_ANOMALY,BUY,0.0,214.34,315.3,47.1,2.75,44.35
2025-10-01,MDB,VOLUME_ANOMALY,BUY,0.0,321.53,340.53,5.91,2.83,3.08
2024-05-01,DOCN,VOLUME_ANOMALY,BUY,0.0,35.53,36.8,3.57,4.45,-0.87
2025-08-05,DOCN,VOLUME_ANOMALY,BUY,0.0,34.81,32.04,-7.96,2.51,-10.47
2025-08-12,DOCN,VOLUME_ANOMALY,BUY,0.0,30.05,34.19,13.78,1.48,12.3
2025-11-05,DOCN,VOLUME_ANOMALY,BUY,0.0,45.81,46.25,0.96,1.01,-0.04
2024-01-22,S,VOLUME_ANOMALY,BUY,0.0,26.29,29.15,10.88,2.75,8.13
2024-07-22,S,VOLUME_ANOMALY,BUY,0.0,23.18,23.75,2.46,0.89,1.56
2024-12-04,S,VOLUME_ANOMALY,BUY,0.0,28.68,22.81,-20.47,-2.26,-18.21
2025-01-28,GTLB,VOLUME_ANOMALY,BUY,0.0,72.75,61.0,-16.15,-1.65,-14.5
2025-05-30,IOT,VOLUME_ANOMALY,BUY,0.0,46.54,39.78,-14.53,5.14,-19.66
2025-06-06,IOT,VOLUME_ANOMALY,BUY,0.0,45.1,38.58,-14.46,3.84,-18.3
2025-12-04,IOT,VOLUME_ANOMALY,BUY,0.0,40.71,34.28,-15.79,0.78,-16.58
2025-07-08,BRZE,VOLUME_ANOMALY,BUY,0.0,28.83,26.98,-6.42,1.23,-7.65
2024-05-15,DT,VOLUME_ANOMALY,BUY,0.0,47.75,46.57,-2.47,2.39,-4.86
2024-06-28,DT,VOLUME_ANOMALY,BUY,0.0,44.74,44.42,-0.72,0.1,-0.81
2025-01-03,DT,VOLUME_ANOMALY,BUY,0.0,54.81,59.3,8.19,1.66,6.53
2025-11-05,DT,VOLUME_ANOMALY,BUY,0.0,47.39,44.31,-6.5,1.01,-7.5
2024-05-08,CFLT,VOLUME_ANOMALY,BUY,0.0,31.38,25.94,-17.34,3.38,-20.71
2025-01-28,CFLT,VOLUME_ANOMALY,BUY,0.0,31.16,30.79,-1.19,-1.65,0.46
2025-05-01,CFLT,VOLUME_ANOMALY,BUY,0.0,19.44,23.03,18.47,5.54,12.93
2025-10-08,CFLT,VOLUME_ANOMALY,BUY,0.0,22.3,22.54,1.08,0.66,0.41
2026-02-03,CFLT,VOLUME_ANOMALY,BUY,0.0,30.45,30.75,0.99,-0.64,1.62
2025-05-30,PD,VOLUME_ANOMALY,BUY,0.0,14.26,15.28,7.15,5.14,2.01
2025-06-06,PD,VOLUME_ANOMALY,BUY,0.0,16.34,16.07,-1.65,3.84,-5.5
2024-01-29,SOFI,VOLUME_ANOMALY,BUY,0.0,9.16,9.15,-0.11,3.19,-3.3
2024-10-29,SOFI,VOLUME_ANOMALY,BUY,0.0,10.47,15.49,47.95,3.25,44.7
2025-07-29,SOFI,VOLUME_ANOMALY,BUY,0.0,22.4,25.62,14.38,1.56,12.82
2024-02-12,HOOD,VOLUME_ANOMALY,BUY,0.0,12.01,16.39,36.47,3.15,33.32
2024-08-19,HOOD,VOLUME_ANOMALY,BUY,0.0,20.28,22.64,11.64,0.62,11.02
2024-10-08,HOOD,VOLUME_ANOMALY,BUY,0.0,25.61,24.96,-2.54,0.62,-3.15
2025-11-26,HOOD,VOLUME_ANOMALY,BUY,0.0,128.2,118.13,-7.85,1.86,-9.72
2025-05-08,AFRM,VOLUME_ANOMALY,BUY,0.0,54.26,58.92,8.59,6.03,2.56
2025-07-29,AFRM,VOLUME_ANOMALY,BUY,0.0,67.96,77.95,14.7,1.56,13.14
2025-08-26,AFRM,VOLUME_ANOMALY,BUY,0.0,77.95,81.53,4.59,2.75,1.84
2024-07-15,UPST,VOLUME_ANOMALY,BUY,0.0,29.96,34.18,14.09,-5.03,19.12
2025-02-11,UPST,VOLUME_ANOMALY,BUY,0.0,67.34,49.66,-26.25,-7.67,-18.58
2025-09-17,UPST,VOLUME_ANOMALY,BUY,0.0,68.12,51.07,-25.03,1.19,-26.22
2024-02-27,LMND,VOLUME_ANOMALY,BUY,0.0,21.72,16.24,-25.23,2.66,-27.89
2025-02-26,LMND,VOLUME_ANOMALY,BUY,0.0,31.48,34.28,8.89,-4.08,12.97
2025-08-05,LMND,VOLUME_ANOMALY,BUY,0.0,47.93,49.86,4.03,2.51,1.52
2025-11-05,LMND,VOLUME_ANOMALY,BUY,0.0,78.73,76.8,-2.45,1.01,-3.46
2024-05-01,LC,VOLUME_ANOMALY,BUY,0.0,9.0,8.85,-1.67,4.45,-6.12
2025-01-28,LC,VOLUME_ANOMALY,BUY,0.0,16.83,12.64,-24.9,-1.65,-23.25
2025-12-11,LC,VOLUME_ANOMALY,BUY,0.0,20.4,20.09,-1.52,1.17,-2.69
2024-06-28,NU,VOLUME_ANOMALY,BUY,0.0,12.89,12.22,-5.2,0.1,-5.3
2026-02-03,NU,VOLUME_ANOMALY,BUY,0.0,18.12,15.0,-17.22,-0.64,-16.58
2024-02-27,TGTX,VOLUME_ANOMALY,BUY,0.0,13.91,15.44,11.0,2.66,8.34
2024-05-01,TGTX,VOLUME_ANOMALY,BUY,0.0,15.88,16.89,6.36,4.45,1.91
2024-06-21,TGTX,VOLUME_ANOMALY,BUY,0.0,17.65,20.44,15.81,1.86,13.95
2024-08-19,TGTX,VOLUME_ANOMALY,BUY,0.0,25.19,25.08,-0.44,0.62,-1.05
2024-02-05,KPTI,VOLUME_ANOMALY,BUY,0.0,20.25,18.67,-7.78,2.97,-10.75
2024-04-17,KPTI,VOLUME_ANOMALY,BUY,0.0,20.7,16.95,-18.12,5.84,-23.96
2025-02-19,KPTI,VOLUME_ANOMALY,BUY,0.0,9.0,5.89,-34.56,-7.47,-27.08
2025-02-26,KPTI,VOLUME_ANOMALY,BUY,0.0,9.83,4.85,-50.66,-4.08,-46.58
2025-07-08,KPTI,VOLUME_ANOMALY,BUY,0.0,4.65,3.88,-16.56,1.23,-17.79
2025-10-08,KPTI,VOLUME_ANOMALY,BUY,0.0,5.9,5.36,-9.15,0.66,-9.82
2025-12-11,KPTI,VOLUME_ANOMALY,BUY,0.0,7.0,8.19,17.07,1.17,15.9
2024-02-20,PTCT,VOLUME_ANOMALY,BUY,0.0,25.98,30.43,17.13,4.14,12.99
2024-06-21,PTCT,VOLUME_ANOMALY,BUY,0.0,36.52,33.03,-9.56,1.86,-11.42
2024-10-08,PTCT,VOLUME_ANOMALY,BUY,0.0,40.77,40.87,0.25,0.62,-0.37
2025-07-29,PTCT,VOLUME_ANOMALY,BUY,0.0,49.29,49.46,0.34,1.56,-1.21
2025-11-05,PTCT,VOLUME_ANOMALY,BUY,0.0,71.77,77.85,8.47,1.01,7.47
2025-11-26,PTCT,VOLUME_ANOMALY,BUY,0.0,86.25,78.56,-8.92,1.86,-10.78
2024-06-21,BMRN,VOLUME_ANOMALY,BUY,0.0,83.78,85.31,1.83,1.86,-0.04
2025-08-05,BMRN,VOLUME_ANOMALY,BUY,0.0,61.93,58.98,-4.76,2.51,-7.27
2024-06-21,ALNY,VOLUME_ANOMALY,BUY,0.0,165.7,235.59,42.18,1.86,40.32
2025-05-30,ALNY,VOLUME_ANOMALY,BUY,0.0,304.56,326.09,7.07,5.14,1.93
2024-05-30,SRPT,VOLUME_ANOMALY,BUY,0.0,124.45,158.0,26.96,4.47,22.49
2024-06-21,SRPT,VOLUME_ANOMALY,BUY,0.0,160.72,146.35,-8.94,1.86,-10.8
2024-11-26,SRPT,VOLUME_ANOMALY,BUY,0.0,130.5,123.37,-5.46,0.45,-5.92
2025-07-29,SRPT,VOLUME_ANOMALY,BUY,0.0,15.83,18.26,15.35,1.56,13.79
2025-10-29,NBIX,VOLUME_ANOMALY,BUY,0.0,138.02,151.58,9.82,-1.12,10.95
2025-11-05,NBIX,VOLUME_ANOMALY,BUY,0.0,153.75,154.22,0.31,1.01,-0.7
2024-06-21,EXAS,VOLUME_ANOMALY,BUY,0.0,44.85,48.17,7.4,1.86,5.54
2024-11-05,EXAS,VOLUME_ANOMALY,BUY,0.0,71.51,64.14,-10.31,5.37,-15.67
2025-11-19,EXAS,VOLUME_ANOMALY,BUY,0.0,86.18,101.38,17.64,2.09,15.55
2024-06-06,HALO,VOLUME_ANOMALY,BUY,0.0,51.44,52.55,2.16,4.19,-2.03
2025-05-08,HALO,VOLUME_ANOMALY,BUY,0.0,67.73,54.25,-19.9,6.03,-25.93
2025-12-26,HALO,VOLUME_ANOMALY,BUY,0.0,68.87,70.22,1.96,0.75,1.21
2024-06-21,PCVX,VOLUME_ANOMALY,BUY,0.0,74.94,84.05,12.16,1.86,10.29
2024-06-28,PCVX,VOLUME_ANOMALY,BUY,0.0,75.51,82.88,9.76,0.1,9.66
2024-09-03,PCVX,VOLUME_ANOMALY,BUY,0.0,110.15,115.54,4.89,3.31,1.58
2024-02-27,BEAM,VOLUME_ANOMALY,BUY,0.0,45.07,33.22,-26.29,2.66,-28.95
2025-09-03,BEAM,VOLUME_ANOMALY,BUY,0.0,18.76,24.13,28.62,4.13,24.5
2026-01-12,BEAM,VOLUME_ANOMALY,BUY,0.0,33.69,26.95,-20.01,-0.44,-19.57
2024-09-17,NTLA,VOLUME_ANOMALY,BUY,0.0,22.55,19.52,-13.44,3.28,-16.72
2025-02-19,CELH,VOLUME_ANOMALY,BUY,0.0,26.09,31.9,22.27,-7.47,29.74
2024-02-27,CAVA,VOLUME_ANOMALY,BUY,0.0,56.66,68.22,20.4,2.66,17.74
2024-05-30,CAVA,VOLUME_ANOMALY,BUY,0.0,93.15,92.75,-0.43,4.47,-4.9
2024-06-21,CAVA,VOLUME_ANOMALY,BUY,0.0,92.44,80.31,-13.12,1.86,-14.98
2024-08-26,CAVA,VOLUME_ANOMALY,BUY,0.0,125.8,127.44,1.3,2.19,-0.88
2024-11-12,CAVA,VOLUME_ANOMALY,BUY,0.0,145.03,127.59,-12.03,1.77,-13.79
2025-02-26,CAVA,VOLUME_ANOMALY,BUY,0.0,98.96,86.67,-12.42,-4.08,-8.34
2025-08-12,CAVA,VOLUME_ANOMALY,BUY,0.0,84.5,65.16,-22.89,1.48,-24.37
2024-01-22,ELF,VOLUME_ANOMALY,BUY,0.0,153.86,171.37,11.38,2.75,8.63
2024-04-03,ELF,VOLUME_ANOMALY,BUY,0.0,163.77,158.52,-3.21,-3.67,0.46
2024-06-28,ELF,VOLUME_ANOMALY,BUY,0.0,210.72,172.57,-18.1,0.1,-18.2
2024-03-12,ONON,VOLUME_ANOMALY,BUY,0.0,30.64,32.08,4.7,-0.21,4.91
2024-11-12,ONON,VOLUME_ANOMALY,BUY,0.0,52.62,58.2,10.6,1.77,8.84
2025-07-29,ONON,VOLUME_ANOMALY,BUY,0.0,51.75,45.18,-12.7,1.56,-14.25
2025-08-12,ONON,VOLUME_ANOMALY,BUY,0.0,49.81,42.85,-13.97,1.48,-15.45
2025-11-12,ONON,VOLUME_ANOMALY,BUY,0.0,41.51,49.5,19.25,0.85,18.4
2025-01-03,SHAK,VOLUME_ANOMALY,BUY,0.0,133.38,119.25,-10.59,1.66,-12.25
2025-01-13,SHAK,VOLUME_ANOMALY,BUY,0.0,121.59,106.56,-12.36,4.11,-16.48
2024-05-08,BROS,VOLUME_ANOMALY,BUY,0.0,31.77,38.61,21.53,3.38,18.15
2024-06-28,BROS,VOLUME_ANOMALY,BUY,0.0,41.4,38.36,-7.34,0.1,-7.44
2025-05-08,BROS,VOLUME_ANOMALY,BUY,0.0,64.45,73.08,13.39,6.03,7.36
2024-11-26,DKS,VOLUME_ANOMALY,BUY,0.0,206.3,229.64,11.32,0.45,10.87
2025-08-26,DKS,VOLUME_ANOMALY,BUY,0.0,224.36,228.95,2.05,2.75,-0.71
2025-02-19,AXON,VOLUME_ANOMALY,BUY,0.0,593.42,568.11,-4.27,-7.47,3.21
2025-02-26,AXON,VOLUME_ANOMALY,BUY,0.0,572.4,559.06,-2.33,-4.08,1.75
2025-04-09,AXON,VOLUME_ANOMALY,BUY,0.0,559.84,686.83,22.68,3.0,19.69
2025-05-08,AXON,VOLUME_ANOMALY,BUY,0.0,686.83,791.85,15.29,6.03,9.26
2025-08-05,AXON,VOLUME_ANOMALY,BUY,0.0,867.12,725.29,-16.36,2.51,-18.87
2025-10-08,AXON,VOLUME_ANOMALY,BUY,0.0,727.41,639.53,-12.08,0.66,-12.75
2025-11-05,AXON,VOLUME_ANOMALY,BUY,0.0,639.53,550.61,-13.9,1.01,-14.91
2024-11-19,BLDR,VOLUME_ANOMALY,BUY,0.0,178.81,152.03,-14.98,-0.68,-14.3
2024-01-22,GNRC,VOLUME_ANOMALY,BUY,0.0,117.46,114.39,-2.61,2.75,-5.37
2025-10-29,GNRC,VOLUME_ANOMALY,BUY,0.0,180.86,148.82,-17.72,-1.12,-16.59
2024-06-21,CLF,VOLUME_ANOMALY,BUY,0.0,14.8,15.21,2.77,1.86,0.91
2025-05-08,CLF,VOLUME_ANOMALY,BUY,0.0,7.15,7.6,6.29,6.03,0.26
2025-10-01,CLF,VOLUME_ANOMALY,BUY,0.0,12.44,14.09,13.26,2.83,10.43
2026-01-27,CLF,VOLUME_ANOMALY,BUY,0.0,14.27,10.79,-24.39,-0.34,-24.05
2025-02-04,MP,VOLUME_ANOMALY,BUY,0.0,24.47,25.66,4.86,-3.11,7.97
2025-04-16,MP,VOLUME_ANOMALY,BUY,0.0,27.58,21.32,-22.7,12.33,-35.02
2025-07-15,MP,VOLUME_ANOMALY,BUY,0.0,58.22,74.95,28.74,3.3,25.43
2024-02-12,FANG,VOLUME_ANOMALY,BUY,0.0,153.6,173.64,13.05,3.15,9.9
2024-10-08,FANG,VOLUME_ANOMALY,BUY,0.0,186.38,168.93,-9.36,0.62,-9.98
2024-03-26,MTDR,VOLUME_ANOMALY,BUY,0.0,62.05,62.22,0.28,-2.58,2.86
2024-06-28,MTDR,VOLUME_ANOMALY,BUY,0.0,56.98,57.5,0.91,0.1,0.81
2024-06-21,RKLB,VOLUME_ANOMALY,BUY,0.0,5.01,5.34,6.59,1.86,4.72
2024-08-19,RKLB,VOLUME_ANOMALY,BUY,0.0,7.19,7.17,-0.28,0.62,-0.9
2025-01-21,RKLB,VOLUME_ANOMALY,BUY,0.0,31.27,25.93,-17.08,1.64,-18.72
2024-02-12,LUNR,VOLUME_ANOMALY,BUY,0.0,5.3,5.81,9.62,3.15,6.47
2024-02-20,LUNR,VOLUME_ANOMALY,BUY,0.0,10.99,5.49,-50.05,4.14,-54.18
2024-05-15,ASTS,VOLUME_ANOMALY,BUY,0.0,2.39,9.98,317.57,2.39,315.18
2025-10-08,ASTS,VOLUME_ANOMALY,BUY,0.0,81.2,70.38,-13.33,0.66,-13.99
2024-06-28,IONQ,VOLUME_ANOMALY,BUY,0.0,7.03,7.89,12.23,0.1,12.13
2025-05-08,IONQ,VOLUME_ANOMALY,BUY,0.0,31.84,39.02,22.55,6.03,16.52
2025-05-22,IONQ,VOLUME_ANOMALY,BUY,0.0,45.79,41.14,-10.16,3.23,-13.39
2025-12-04,IONQ,VOLUME_ANOMALY,BUY,0.0,54.76,48.71,-11.05,0.78,-11.83
2025-12-11,IONQ,VOLUME_ANOMALY,BUY,0.0,52.55,50.95,-3.04,1.17,-4.21
2024-02-12,SOUN,VOLUME_ANOMALY,BUY,0.0,2.35,6.93,194.89,3.15,191.74
2024-02-20,SOUN,VOLUME_ANOMALY,BUY,0.0,3.99,8.33,108.77,4.14,104.63
2024-02-27,SOUN,VOLUME_ANOMALY,BUY,0.0,6.86,5.81,-15.31,2.66,-17.97
2025-07-08,SOUN,VOLUME_ANOMALY,BUY,0.0,12.71,11.17,-12.12,1.23,-13.35
2024-02-27,BBAI,VOLUME_ANOMALY,BUY,0.0,3.44,2.09,-39.24,2.66,-41.91
2024-08-12,BBAI,VOLUME_ANOMALY,BUY,0.0,1.35,1.49,10.37,2.91,7.46
2024-10-15,BBAI,VOLUME_ANOMALY,BUY,0.0,1.76,1.82,3.41,2.95,0.46
2024-11-19,BBAI,VOLUME_ANOMALY,BUY,0.0,2.06,3.13,51.94,-0.68,52.62
2024-12-04,BBAI,VOLUME_ANOMALY,BUY,0.0,2.61,4.53,73.56,-2.26,75.82
2025-05-30,BBAI,VOLUME_ANOMALY,BUY,0.0,4.16,6.79,63.22,5.14,58.08
2025-11-12,BBAI,VOLUME_ANOMALY,BUY,0.0,7.17,6.74,-6.0,0.85,-6.84
2024-08-19,FUBO,VOLUME_ANOMALY,BUY,0.0,1.8,1.63,-9.44,0.62,-10.06
2025-10-29,FUBO,VOLUME_ANOMALY,BUY,0.0,3.69,3.01,-18.43,-1.12,-17.31
2025-11-12,FUBO,VOLUME_ANOMALY,BUY,0.0,3.93,2.74,-30.28,0.85,-31.13
2026-02-03,FUBO,VOLUME_ANOMALY,BUY,0.0,1.77,1.24,-29.94,-0.64,-29.31
2025-09-17,PLUG,VOLUME_ANOMALY,BUY,0.0,2.0,3.85,92.5,1.19,91.31
2024-05-08,CLOV,VOLUME_ANOMALY,BUY,0.0,0.87,1.1,26.29,3.38,22.91
2024-06-21,CLOV,VOLUME_ANOMALY,BUY,0.0,1.25,1.68,34.4,1.86,32.54
2024-08-19,CLOV,VOLUME_ANOMALY,BUY,0.0,3.18,3.09,-2.83,0.62,-3.45
2024-01-29,LCID,VOLUME_ANOMALY,BUY,0.0,33.7,31.7,-5.93,3.19,-9.12
2024-07-08,LCID,VOLUME_ANOMALY,BUY,0.0,31.6,30.0,-5.06,-6.83,1.76
2025-01-03,RIVN,VOLUME_ANOMALY,BUY,0.0,16.49,12.87,-21.95,1.66,-23.61
2025-11-05,RIVN,VOLUME_ANOMALY,BUY,0.0,15.42,18.06,17.12,1.01,16.12
2024-05-22,FSLR,VOLUME_ANOMALY,BUY,0.0,251.75,258.87,2.83,3.1,-0.27
2025-05-22,RUN,VOLUME_ANOMALY,BUY,0.0,6.71,6.24,-7.0,3.23,-10.23
2025-06-13,RUN,VOLUME_ANOMALY,BUY,0.0,10.0,10.7,7.05,4.52,2.53
2025-06-30,RUN,VOLUME_ANOMALY,BUY,0.0,8.18,10.75,31.42,2.82,28.6
2025-04-02,AAPL,VOLUME_ANOMALY,BUY,0.0,222.92,212.39,-4.72,-1.07,-3.65
2025-09-03,GOOGL,VOLUME_ANOMALY,BUY,0.0,230.14,244.57,6.27,4.13,2.14
2024-07-15,TSLA,VOLUME_ANOMALY,BUY,0.0,252.64,197.49,-21.83,-5.03,-16.8
2024-08-19,TSLA,VOLUME_ANOMALY,BUY,0.0,222.72,227.87,2.31,0.62,1.69
2025-06-23,TSLA,VOLUME_ANOMALY,BUY,0.0,348.68,332.11,-4.75,4.78,-9.54
2024-09-10,JPM,VOLUME_ANOMALY,BUY,0.0,199.17,205.45,3.15,4.76,-1.61
2025-04-09,JPM,VOLUME_ANOMALY,BUY,0.0,231.05,249.91,8.16,3.0,5.17
2024-05-15,V,VOLUME_ANOMALY,BUY,0.0,277.34,267.68,-3.48,2.39,-5.88
2024-08-12,V,VOLUME_ANOMALY,BUY,0.0,257.04,282.21,9.79,2.91,6.88
2024-06-28,UNH,VOLUME_ANOMALY,BUY,0.0,489.57,544.83,11.29,0.1,11.19
2024-10-15,UNH,VOLUME_ANOMALY,BUY,0.0,536.67,592.99,10.49,2.95,7.54
2025-05-15,UNH,VOLUME_ANOMALY,BUY,0.0,266.83,304.93,14.28,1.11,13.17
2024-10-08,RBLX,VOLUME_ANOMALY,BUY,0.0,40.51,51.18,26.34,0.62,25.72
2025-05-01,RBLX,VOLUME_ANOMALY,BUY,0.0,69.0,86.98,26.06,5.54,20.52
2024-02-27,U,VOLUME_ANOMALY,BUY,0.0,31.02,26.7,-13.93,2.66,-16.59
2025-05-30,U,VOLUME_ANOMALY,BUY,0.0,26.08,24.2,-7.21,5.14,-12.35
2025-11-05,U,VOLUME_ANOMALY,BUY,0.0,42.36,44.15,4.23,1.01,3.22
2024-06-28,NKTR,VOLUME_ANOMALY,BUY,0.0,18.6,20.4,9.68,0.1,9.58
2024-09-17,NKTR,VOLUME_ANOMALY,BUY,0.0,19.5,19.35,-0.77,3.28,-4.05
2024-09-24,NKTR,VOLUME_ANOMALY,BUY,0.0,18.15,21.6,19.01,2.1,16.9
2025-06-23,NKTR,VOLUME_ANOMALY,BUY,0.0,9.54,24.48,156.6,4.78,151.82
2025-11-19,NKTR,VOLUME_ANOMALY,BUY,0.0,60.35,44.0,-27.09,2.09,-29.18
2024-05-22,MRNA,VOLUME_ANOMALY,BUY,0.0,163.33,133.4,-18.32,3.1,-21.43
2025-01-13,MRNA,VOLUME_ANOMALY,BUY,0.0,35.15,30.93,-12.01,4.11,-16.12
2024-05-22,BNTX,VOLUME_ANOMALY,BUY,0.0,102.3,84.64,-17.26,3.1,-20.37
2024-05-30,BNTX,VOLUME_ANOMALY,BUY,0.0,98.75,80.36,-18.62,4.47,-23.09
2024-10-29,PYPL,VOLUME_ANOMALY,BUY,0.0,79.85,86.48,8.3,3.25,5.05
2025-07-29,PYPL,VOLUME_ANOMALY,BUY,0.0,71.07,69.81,-1.78,1.56,-3.34
2024-02-27,STRL,VOLUME_ANOMALY,BUY,0.0,106.22,112.81,6.2,2.66,3.54
2025-04-16,STRL,VOLUME_ANOMALY,BUY,0.0,140.44,184.79,31.58,12.33,19.25
2025-08-05,STRL,VOLUME_ANOMALY,BUY,0.0,296.58,273.82,-7.67,2.51,-10.19
2024-04-03,ATKR,VOLUME_ANOMALY,BUY,0.0,181.43,169.16,-6.76,-3.67,-3.09
2025-08-05,ATKR,VOLUME_ANOMALY,BUY,0.0,55.51,55.95,0.8,2.51,-1.71
2025-11-19,ATKR,VOLUME_ANOMALY,BUY,0.0,65.86,63.62,-3.4,2.09,-5.49
2024-02-27,UFPI,VOLUME_ANOMALY,BUY,0.0,110.31,114.93,4.19,2.66,1.53
2024-06-21,UFPI,VOLUME_ANOMALY,BUY,0.0,113.47,120.52,6.21,1.86,4.35
2024-06-28,UFPI,VOLUME_ANOMALY,BUY,0.0,109.48,124.2,13.45,0.1,13.35
2025-06-30,EQT,VOLUME_ANOMALY,BUY,0.0,57.81,52.63,-8.95,2.82,-11.77
2024-01-22,IRM,VOLUME_ANOMALY,BUY,0.0,62.98,64.21,1.95,2.75,-0.8
2024-06-21,IRM,VOLUME_ANOMALY,BUY,0.0,84.7,95.44,12.68,1.86,10.82
2024-11-26,IRM,VOLUME_ANOMALY,BUY,0.0,118.54,102.05,-13.91,0.45,-14.37
2025-05-30,IRM,VOLUME_ANOMALY,BUY,0.0,96.14,100.68,4.72,5.14,-0.42
2025-12-11,IRM,VOLUME_ANOMALY,BUY,0.0,87.12,89.5,2.73,1.17,1.57
2024-06-21,JOBY,VOLUME_ANOMALY,BUY,0.0,5.19,6.47,24.66,1.86,22.8
2024-06-28,JOBY,VOLUME_ANOMALY,BUY,0.0,5.1,6.21,21.76,0.1,21.67
2024-01-22,ACHR,VOLUME_ANOMALY,BUY,0.0,5.31,5.13,-3.39,2.75,-6.14
2024-06-21,ACHR,VOLUME_ANOMALY,BUY,0.0,3.66,4.6,25.68,1.86,23.82
2024-06-28,ACHR,VOLUME_ANOMALY,BUY,0.0,3.52,4.46,26.7,0.1,26.61
2025-10-15,ACHR,VOLUME_ANOMALY,BUY,0.0,13.03,8.65,-33.61,2.74,-36.35
2024-02-12,RGTI,VOLUME_ANOMALY,BUY,0.0,1.39,2.21,58.99,3.15,55.84
2024-06-28,RGTI,VOLUME_ANOMALY,BUY,0.0,1.07,1.03,-3.74,0.1,-3.84
2024-10-29,RGTI,VOLUME_ANOMALY,BUY,0.0,1.46,2.2,50.68,3.25,47.44
2024-11-26,RGTI,VOLUME_ANOMALY,BUY,0.0,2.2,15.44,601.82,0.45,601.37
2024-12-11,RGTI,VOLUME_ANOMALY,BUY,0.0,7.38,6.05,-18.02,-3.97,-14.05
2025-03-12,RGTI,VOLUME_ANOMALY,BUY,0.0,8.95,9.39,4.92,-1.54,6.45
2025-05-08,RGTI,VOLUME_ANOMALY,BUY,0.0,10.31,11.28,9.41,6.03,3.38
2025-05-22,RGTI,VOLUME_ANOMALY,BUY,0.0,13.86,10.79,-22.15,3.23,-25.38
2024-01-22,QUBT,VOLUME_ANOMALY,BUY,0.0,0.9,0.87,-3.66,2.75,-6.41
2024-02-12,QUBT,VOLUME_ANOMALY,BUY,0.0,0.84,1.22,44.89,3.15,41.74
2024-10-22,QUBT,VOLUME_ANOMALY,BUY,0.0,1.13,2.54,124.78,1.2,123.58
2024-10-29,QUBT,VOLUME_ANOMALY,BUY,0.0,1.22,6.65,445.08,3.25,441.84
2024-12-04,QUBT,VOLUME_ANOMALY,BUY,0.0,7.01,17.5,149.64,-2.26,151.9
2024-12-18,QUBT,VOLUME_ANOMALY,BUY,0.0,25.68,11.49,-55.26,3.21,-58.46
2024-12-26,QUBT,VOLUME_ANOMALY,BUY,0.0,19.24,10.2,-46.99,0.53,-47.51
2025-05-08,QUBT,VOLUME_ANOMALY,BUY,0.0,8.44,13.7,62.32,6.03,56.29
2025-09-24,QUBT,VOLUME_ANOMALY,BUY,0.0,21.41,14.87,-30.55,1.01,-31.56
2024-06-21,EDIT,VOLUME_ANOMALY,BUY,0.0,5.11,5.21,1.96,1.86,0.09
2025-02-19,EDIT,VOLUME_ANOMALY,BUY,0.0,3.2,1.39,-56.56,-7.47,-49.09
2025-09-24,EDIT,VOLUME_ANOMALY,BUY,0.0,3.37,3.57,5.93,1.01,4.92
2024-02-27,BFLY,VOLUME_ANOMALY,BUY,0.0,1.5,1.0,-33.33,2.66,-35.99
2024-09-03,BFLY,VOLUME_ANOMALY,BUY,0.0,1.19,1.66,39.5,3.31,36.18
2024-10-29,BFLY,VOLUME_ANOMALY,BUY,0.0,1.9,3.16,66.32,3.25,63.07
2024-11-05,BFLY,VOLUME_ANOMALY,BUY,0.0,2.45,3.31,35.1,5.37,29.73
2025-02-04,BFLY,VOLUME_ANOMALY,BUY,0.0,4.58,3.19,-30.35,-3.11,-27.24
2025-12-04,BFLY,VOLUME_ANOMALY,BUY,0.0,3.06,3.87,26.47,0.78,25.69
2024-02-12,NNOX,VOLUME_ANOMALY,BUY,0.0,6.64,9.6,44.58,3.15,41.42
2024-05-08,NNOX,VOLUME_ANOMALY,BUY,0.0,9.5,8.1,-14.74,3.38,-18.11
2024-06-28,NNOX,VOLUME_ANOMALY,BUY,0.0,7.34,8.7,18.53,0.1,18.43
2024-06-28,OUST,VOLUME_ANOMALY,BUY,0.0,9.83,13.46,36.93,0.1,36.83
2024-12-18,OUST,VOLUME_ANOMALY,BUY,0.0,10.38,10.55,1.64,3.21,-1.57
2024-12-11,INVZ,VOLUME_ANOMALY,BUY,0.0,0.73,1.61,121.76,-3.97,125.73
2025-08-26,INVZ,VOLUME_ANOMALY,BUY,0.0,1.7,1.75,2.94,2.75,0.19
2025-01-03,STEM,VOLUME_ANOMALY,BUY,0.0,24.4,11.92,-51.15,1.66,-52.81
2025-05-01,STEM,VOLUME_ANOMALY,BUY,0.0,10.74,9.78,-8.94,5.54,-14.48
2025-09-24,STEM,VOLUME_ANOMALY,BUY,0.0,22.22,20.75,-6.62,1.01,-7.63
